,id,stocks_number,open_price,open_value,open_commission,open_total,SL,close_price,close_value,close_commission,close_total,trans_result
0,0,10,57.0,570.0,3.0,573.0,0.0,0.0,0.0,0.0,0.0,0.0
1,0,10,57.0,570.0,3.0,573.0,51.3,0.0,0.0,0.0,0.0,0.0
2,0,10,57.0,570.0,3.0,573.0,51.3,51.3,513.0,3.0,510.0,-63.0
3,1,10,61.5,615.0,3.0,618.0,0.0,0.0,0.0,0.0,0.0,0.0
4,1,10,61.5,615.0,3.0,618.0,55.35,0.0,0.0,0.0,0.0,0.0
5,1,10,61.5,615.0,3.0,618.0,56.7,0.0,0.0,0.0,0.0,0.0
6,1,10,61.5,615.0,3.0,618.0,58.05,0.0,0.0,0.0,0.0,0.0
7,1,10,61.5,615.0,3.0,618.0,59.85,0.0,0.0,0.0,0.0,0.0
8,1,10,61.5,615.0,3.0,618.0,60.3,0.0,0.0,0.0,0.0,0.0
9,1,10,61.5,615.0,3.0,618.0,60.3,60.3,603.0,3.0,600.0,-18.0
10,2,10,65.0,650.0,3.0,653.0,0.0,0.0,0.0,0.0,0.0,0.0
11,2,10,65.0,650.0,3.0,653.0,58.5,0.0,0.0,0.0,0.0,0.0
12,2,10,65.0,650.0,3.0,653.0,58.5,58.5,585.0,3.0,582.0,-71.0
13,3,10,58.5,585.0,3.0,588.0,0.0,0.0,0.0,0.0,0.0,0.0
14,3,10,58.5,585.0,3.0,588.0,52.65,0.0,0.0,0.0,0.0,0.0
15,3,10,58.5,585.0,3.0,588.0,54.9,0.0,0.0,0.0,0.0,0.0
16,3,10,58.5,585.0,3.0,588.0,55.8,0.0,0.0,0.0,0.0,0.0
17,3,10,58.5,585.0,3.0,588.0,56.25,0.0,0.0,0.0,0.0,0.0
18,3,10,58.5,585.0,3.0,588.0,56.7,0.0,0.0,0.0,0.0,0.0
19,3,10,58.5,585.0,3.0,588.0,57.6,0.0,0.0,0.0,0.0,0.0
20,3,10,58.5,585.0,3.0,588.0,63.0,0.0,0.0,0.0,0.0,0.0
21,3,10,58.5,585.0,3.0,588.0,66.6,0.0,0.0,0.0,0.0,0.0
22,3,10,58.5,585.0,3.0,588.0,66.6,66.6,666.0,3.0,663.0,75.0
23,4,10,66.5,665.0,3.0,668.0,0.0,0.0,0.0,0.0,0.0,0.0
24,4,10,66.5,665.0,3.0,668.0,59.85,0.0,0.0,0.0,0.0,0.0
25,4,10,66.5,665.0,3.0,668.0,59.85,59.85,598.5,3.0,595.5,-72.5
26,5,10,61.0,610.0,3.0,613.0,0.0,0.0,0.0,0.0,0.0,0.0
27,5,10,61.0,610.0,3.0,613.0,54.9,0.0,0.0,0.0,0.0,0.0
28,5,10,61.0,610.0,3.0,613.0,54.9,54.9,549.0,3.0,546.0,-67.0
29,6,10,62.0,620.0,3.0,623.0,0.0,0.0,0.0,0.0,0.0,0.0
30,6,10,62.0,620.0,3.0,623.0,55.8,0.0,0.0,0.0,0.0,0.0
31,6,10,62.0,620.0,3.0,623.0,56.7,0.0,0.0,0.0,0.0,0.0
32,6,10,62.0,620.0,3.0,623.0,56.7,56.7,567.0,3.0,564.0,-59.0
33,7,10,53.5,535.0,3.0,538.0,0.0,0.0,0.0,0.0,0.0,0.0
34,7,10,53.5,535.0,3.0,538.0,48.15,0.0,0.0,0.0,0.0,0.0
35,7,10,53.5,535.0,3.0,538.0,48.15,48.15,481.5,3.0,478.5,-59.5
36,8,10,39.0,390.0,3.0,393.0,0.0,0.0,0.0,0.0,0.0,0.0
37,8,10,39.0,390.0,3.0,393.0,35.1,0.0,0.0,0.0,0.0,0.0
38,8,10,39.0,390.0,3.0,393.0,35.1,35.1,351.0,3.0,348.0,-45.0
39,9,10,21.5,215.0,3.0,218.0,0.0,0.0,0.0,0.0,0.0,0.0
40,9,10,21.5,215.0,3.0,218.0,19.35,0.0,0.0,0.0,0.0,0.0
41,9,10,21.5,215.0,3.0,218.0,20.52,0.0,0.0,0.0,0.0,0.0
42,9,10,21.5,215.0,3.0,218.0,20.52,20.52,205.2,3.0,202.2,-15.800000000000011
43,10,10,21.6,216.0,3.0,219.0,0.0,0.0,0.0,0.0,0.0,0.0
44,10,10,21.6,216.0,3.0,219.0,19.44,0.0,0.0,0.0,0.0,0.0
45,10,10,21.6,216.0,3.0,219.0,19.44,19.44,194.4,3.0,191.4,-27.599999999999994
46,11,10,18.7,187.0,3.0,190.0,0.0,0.0,0.0,0.0,0.0,0.0
47,11,10,18.7,187.0,3.0,190.0,16.83,0.0,0.0,0.0,0.0,0.0
48,11,10,18.7,187.0,3.0,190.0,16.83,16.83,168.29999999999998,3.0,165.29999999999998,-24.700000000000017
49,12,10,17.7,177.0,3.0,180.0,0.0,0.0,0.0,0.0,0.0,0.0
50,12,10,17.7,177.0,3.0,180.0,15.93,0.0,0.0,0.0,0.0,0.0
51,12,10,17.7,177.0,3.0,180.0,16.47,0.0,0.0,0.0,0.0,0.0
52,12,10,17.7,177.0,3.0,180.0,16.92,0.0,0.0,0.0,0.0,0.0
53,12,10,17.7,177.0,3.0,180.0,16.92,16.92,169.20000000000002,3.0,166.20000000000002,-13.799999999999983
54,13,10,17.2,172.0,3.0,175.0,0.0,0.0,0.0,0.0,0.0,0.0
55,13,10,17.2,172.0,3.0,175.0,15.479999999999999,0.0,0.0,0.0,0.0,0.0
56,13,10,17.2,172.0,3.0,175.0,15.75,0.0,0.0,0.0,0.0,0.0
57,13,10,17.2,172.0,3.0,175.0,15.75,15.75,157.5,3.0,154.5,-20.5
58,14,10,21.8,218.0,3.0,221.0,0.0,0.0,0.0,0.0,0.0,0.0
59,14,10,21.8,218.0,3.0,221.0,19.62,0.0,0.0,0.0,0.0,0.0
60,14,10,21.8,218.0,3.0,221.0,19.62,19.62,196.20000000000002,3.0,193.20000000000002,-27.799999999999983
61,15,10,22.3,223.0,3.0,226.0,0.0,0.0,0.0,0.0,0.0,0.0
62,15,10,22.3,223.0,3.0,226.0,20.07,0.0,0.0,0.0,0.0,0.0
63,15,10,22.3,223.0,3.0,226.0,20.07,20.07,200.7,3.0,197.7,-28.30000000000001
64,16,10,19.5,195.0,3.0,198.0,0.0,0.0,0.0,0.0,0.0,0.0
65,16,10,19.5,195.0,3.0,198.0,17.55,0.0,0.0,0.0,0.0,0.0
66,16,10,19.5,195.0,3.0,198.0,18.36,0.0,0.0,0.0,0.0,0.0
67,16,10,19.5,195.0,3.0,198.0,20.16,0.0,0.0,0.0,0.0,0.0
68,16,10,19.5,195.0,3.0,198.0,20.16,20.16,201.6,3.0,198.6,0.5999999999999943
69,17,10,21.2,212.0,3.0,215.0,0.0,0.0,0.0,0.0,0.0,0.0
70,17,10,21.2,212.0,3.0,215.0,19.08,0.0,0.0,0.0,0.0,0.0
71,17,10,21.2,212.0,3.0,215.0,19.08,19.08,190.79999999999998,3.0,187.79999999999998,-27.200000000000017
72,18,10,19.2,192.0,3.0,195.0,0.0,0.0,0.0,0.0,0.0,0.0
73,18,10,19.2,192.0,3.0,195.0,17.28,0.0,0.0,0.0,0.0,0.0
74,18,10,19.2,192.0,3.0,195.0,18.990000000000002,0.0,0.0,0.0,0.0,0.0
75,18,10,19.2,192.0,3.0,195.0,19.44,0.0,0.0,0.0,0.0,0.0
76,18,10,19.2,192.0,3.0,195.0,21.33,0.0,0.0,0.0,0.0,0.0
77,18,10,19.2,192.0,3.0,195.0,23.4,0.0,0.0,0.0,0.0,0.0
78,18,10,19.2,192.0,3.0,195.0,23.4,23.4,234.0,3.0,231.0,36.0
79,19,10,23.5,235.0,3.0,238.0,0.0,0.0,0.0,0.0,0.0,0.0
80,19,10,23.5,235.0,3.0,238.0,21.15,0.0,0.0,0.0,0.0,0.0
81,19,10,23.5,235.0,3.0,238.0,22.23,0.0,0.0,0.0,0.0,0.0
82,19,10,23.5,235.0,3.0,238.0,22.23,22.23,222.3,3.0,219.3,-18.69999999999999
83,20,10,29.2,292.0,3.0,295.0,0.0,0.0,0.0,0.0,0.0,0.0
84,20,10,29.2,292.0,3.0,295.0,26.28,0.0,0.0,0.0,0.0,0.0
85,20,10,29.2,292.0,3.0,295.0,27.45,0.0,0.0,0.0,0.0,0.0
86,20,10,29.2,292.0,3.0,295.0,27.45,27.45,274.5,3.0,271.5,-23.5
87,21,10,27.0,270.0,3.0,273.0,0.0,0.0,0.0,0.0,0.0,0.0
88,21,10,27.0,270.0,3.0,273.0,24.3,0.0,0.0,0.0,0.0,0.0
89,21,10,27.0,270.0,3.0,273.0,25.11,0.0,0.0,0.0,0.0,0.0
90,21,10,27.0,270.0,3.0,273.0,26.1,0.0,0.0,0.0,0.0,0.0
91,21,10,27.0,270.0,3.0,273.0,27.9,0.0,0.0,0.0,0.0,0.0
92,21,10,27.0,270.0,3.0,273.0,28.8,0.0,0.0,0.0,0.0,0.0
93,21,10,27.0,270.0,3.0,273.0,30.15,0.0,0.0,0.0,0.0,0.0
94,21,10,27.0,270.0,3.0,273.0,31.5,0.0,0.0,0.0,0.0,0.0
95,21,10,27.0,270.0,3.0,273.0,32.31,0.0,0.0,0.0,0.0,0.0
96,21,10,27.0,270.0,3.0,273.0,32.31,32.31,323.1,3.0,320.1,47.10000000000002
97,22,10,30.0,300.0,3.0,303.0,0.0,0.0,0.0,0.0,0.0,0.0
98,22,10,30.0,300.0,3.0,303.0,27.0,0.0,0.0,0.0,0.0,0.0
99,22,10,30.0,300.0,3.0,303.0,29.25,0.0,0.0,0.0,0.0,0.0
100,22,10,30.0,300.0,3.0,303.0,29.7,0.0,0.0,0.0,0.0,0.0
101,22,10,30.0,300.0,3.0,303.0,29.7,29.7,297.0,3.0,294.0,-9.0
102,23,10,27.4,274.0,3.0,277.0,0.0,0.0,0.0,0.0,0.0,0.0
103,23,10,27.4,274.0,3.0,277.0,24.659999999999997,0.0,0.0,0.0,0.0,0.0
104,23,10,27.4,274.0,3.0,277.0,24.75,0.0,0.0,0.0,0.0,0.0
105,23,10,27.4,274.0,3.0,277.0,24.75,24.75,247.5,3.0,244.5,-32.5
106,24,10,26.8,268.0,3.0,271.0,0.0,0.0,0.0,0.0,0.0,0.0
107,24,10,26.8,268.0,3.0,271.0,24.12,0.0,0.0,0.0,0.0,0.0
108,24,10,26.8,268.0,3.0,271.0,24.209999999999997,0.0,0.0,0.0,0.0,0.0
109,24,10,26.8,268.0,3.0,271.0,24.209999999999997,24.209999999999997,242.09999999999997,3.0,239.09999999999997,-31.900000000000034
110,25,10,27.0,270.0,3.0,273.0,0.0,0.0,0.0,0.0,0.0,0.0
111,25,10,27.0,270.0,3.0,273.0,24.3,0.0,0.0,0.0,0.0,0.0
112,25,10,27.0,270.0,3.0,273.0,24.75,0.0,0.0,0.0,0.0,0.0
113,25,10,27.0,270.0,3.0,273.0,25.29,0.0,0.0,0.0,0.0,0.0
114,25,10,27.0,270.0,3.0,273.0,25.29,25.29,252.89999999999998,3.0,249.89999999999998,-23.100000000000023
115,26,10,26.5,265.0,3.0,268.0,0.0,0.0,0.0,0.0,0.0,0.0
116,26,10,26.5,265.0,3.0,268.0,23.85,0.0,0.0,0.0,0.0,0.0
117,26,10,26.5,265.0,3.0,268.0,24.03,0.0,0.0,0.0,0.0,0.0
118,26,10,26.5,265.0,3.0,268.0,24.03,24.03,240.3,3.0,237.3,-30.69999999999999
119,27,10,23.5,235.0,3.0,238.0,0.0,0.0,0.0,0.0,0.0,0.0
120,27,10,23.5,235.0,3.0,238.0,21.15,0.0,0.0,0.0,0.0,0.0
121,27,10,23.5,235.0,3.0,238.0,21.78,0.0,0.0,0.0,0.0,0.0
122,27,10,23.5,235.0,3.0,238.0,22.14,0.0,0.0,0.0,0.0,0.0
123,27,10,23.5,235.0,3.0,238.0,22.14,22.14,221.4,3.0,218.4,-19.599999999999994
124,28,10,24.3,243.0,3.0,246.0,0.0,0.0,0.0,0.0,0.0,0.0
125,28,10,24.3,243.0,3.0,246.0,21.87,0.0,0.0,0.0,0.0,0.0
126,28,10,24.3,243.0,3.0,246.0,21.959999999999997,0.0,0.0,0.0,0.0,0.0
127,28,10,24.3,243.0,3.0,246.0,22.14,0.0,0.0,0.0,0.0,0.0
128,28,10,24.3,243.0,3.0,246.0,22.77,0.0,0.0,0.0,0.0,0.0
129,28,10,24.3,243.0,3.0,246.0,22.86,0.0,0.0,0.0,0.0,0.0
130,28,10,24.3,243.0,3.0,246.0,23.4,0.0,0.0,0.0,0.0,0.0
131,28,10,24.3,243.0,3.0,246.0,24.3,0.0,0.0,0.0,0.0,0.0
132,28,10,24.3,243.0,3.0,246.0,25.47,0.0,0.0,0.0,0.0,0.0
133,28,10,24.3,243.0,3.0,246.0,25.92,0.0,0.0,0.0,0.0,0.0
134,28,10,24.3,243.0,3.0,246.0,26.009999999999998,0.0,0.0,0.0,0.0,0.0
135,28,10,24.3,243.0,3.0,246.0,26.1,0.0,0.0,0.0,0.0,0.0
136,28,10,24.3,243.0,3.0,246.0,26.459999999999997,0.0,0.0,0.0,0.0,0.0
137,28,10,24.3,243.0,3.0,246.0,27.0,0.0,0.0,0.0,0.0,0.0
138,28,10,24.3,243.0,3.0,246.0,28.62,0.0,0.0,0.0,0.0,0.0
139,28,10,24.3,243.0,3.0,246.0,31.05,0.0,0.0,0.0,0.0,0.0
140,28,10,24.3,243.0,3.0,246.0,31.5,0.0,0.0,0.0,0.0,0.0
141,28,10,24.3,243.0,3.0,246.0,32.04,0.0,0.0,0.0,0.0,0.0
142,28,10,24.3,243.0,3.0,246.0,32.49,0.0,0.0,0.0,0.0,0.0
143,28,10,24.3,243.0,3.0,246.0,33.21,0.0,0.0,0.0,0.0,0.0
144,28,10,24.3,243.0,3.0,246.0,34.74,0.0,0.0,0.0,0.0,0.0
145,28,10,24.3,243.0,3.0,246.0,37.169999999999995,0.0,0.0,0.0,0.0,0.0
146,28,10,24.3,243.0,3.0,246.0,37.89,0.0,0.0,0.0,0.0,0.0
147,28,10,24.3,243.0,3.0,246.0,41.13,0.0,0.0,0.0,0.0,0.0
148,28,10,24.3,243.0,3.0,246.0,41.13,41.13,411.3,3.0,408.3,162.3
149,29,10,39.4,394.0,3.0,397.0,0.0,0.0,0.0,0.0,0.0,0.0
150,29,10,39.4,394.0,3.0,397.0,35.46,0.0,0.0,0.0,0.0,0.0
151,29,10,39.4,394.0,3.0,397.0,35.46,35.46,354.6,3.0,351.6,-45.39999999999998
152,30,10,40.0,400.0,3.0,403.0,0.0,0.0,0.0,0.0,0.0,0.0
153,30,10,40.0,400.0,3.0,403.0,36.0,0.0,0.0,0.0,0.0,0.0
154,30,10,40.0,400.0,3.0,403.0,44.91,0.0,0.0,0.0,0.0,0.0
155,30,10,40.0,400.0,3.0,403.0,44.91,44.91,449.09999999999997,3.0,446.09999999999997,43.099999999999966
156,31,10,46.7,467.0,3.0,470.0,0.0,0.0,0.0,0.0,0.0,0.0
157,31,10,46.7,467.0,3.0,470.0,42.03,0.0,0.0,0.0,0.0,0.0
158,31,10,46.7,467.0,3.0,470.0,42.03,42.03,420.3,3.0,417.3,-52.69999999999999
159,32,10,43.0,430.0,3.0,433.0,0.0,0.0,0.0,0.0,0.0,0.0
160,32,10,43.0,430.0,3.0,433.0,38.7,0.0,0.0,0.0,0.0,0.0
161,32,10,43.0,430.0,3.0,433.0,38.7,38.7,387.0,3.0,384.0,-49.0
162,33,10,41.9,419.0,3.0,422.0,0.0,0.0,0.0,0.0,0.0,0.0
163,33,10,41.9,419.0,3.0,422.0,37.71,0.0,0.0,0.0,0.0,0.0
164,33,10,41.9,419.0,3.0,422.0,37.71,37.71,377.1,3.0,374.1,-47.89999999999998
165,34,10,43.7,437.0,3.0,440.0,0.0,0.0,0.0,0.0,0.0,0.0
166,34,10,43.7,437.0,3.0,440.0,39.330000000000005,0.0,0.0,0.0,0.0,0.0
167,34,10,43.7,437.0,3.0,440.0,40.86,0.0,0.0,0.0,0.0,0.0
168,34,10,43.7,437.0,3.0,440.0,41.4,0.0,0.0,0.0,0.0,0.0
169,34,10,43.7,437.0,3.0,440.0,42.12,0.0,0.0,0.0,0.0,0.0
170,34,10,43.7,437.0,3.0,440.0,42.3,0.0,0.0,0.0,0.0,0.0
171,34,10,43.7,437.0,3.0,440.0,42.480000000000004,0.0,0.0,0.0,0.0,0.0
172,34,10,43.7,437.0,3.0,440.0,46.26,0.0,0.0,0.0,0.0,0.0
173,34,10,43.7,437.0,3.0,440.0,47.7,0.0,0.0,0.0,0.0,0.0
174,34,10,43.7,437.0,3.0,440.0,47.7,47.7,477.0,3.0,474.0,34.0
175,35,10,47.2,472.0,3.0,475.0,0.0,0.0,0.0,0.0,0.0,0.0
176,35,10,47.2,472.0,3.0,475.0,42.480000000000004,0.0,0.0,0.0,0.0,0.0
177,35,10,47.2,472.0,3.0,475.0,42.480000000000004,42.480000000000004,424.80000000000007,3.0,421.80000000000007,-53.19999999999993
178,36,10,40.1,401.0,3.0,404.0,0.0,0.0,0.0,0.0,0.0,0.0
179,36,10,40.1,401.0,3.0,404.0,36.09,0.0,0.0,0.0,0.0,0.0
180,36,10,40.1,401.0,3.0,404.0,36.09,36.09,360.90000000000003,3.0,357.90000000000003,-46.099999999999966
181,37,10,39.8,398.0,3.0,401.0,0.0,0.0,0.0,0.0,0.0,0.0
182,37,10,39.8,398.0,3.0,401.0,35.82,0.0,0.0,0.0,0.0,0.0
183,37,10,39.8,398.0,3.0,401.0,36.45,0.0,0.0,0.0,0.0,0.0
184,37,10,39.8,398.0,3.0,401.0,36.9,0.0,0.0,0.0,0.0,0.0
185,37,10,39.8,398.0,3.0,401.0,37.26,0.0,0.0,0.0,0.0,0.0
186,37,10,39.8,398.0,3.0,401.0,37.26,37.26,372.59999999999997,3.0,369.59999999999997,-31.400000000000034
187,38,10,31.1,311.0,3.0,314.0,0.0,0.0,0.0,0.0,0.0,0.0
188,38,10,31.1,311.0,3.0,314.0,27.990000000000002,0.0,0.0,0.0,0.0,0.0
189,38,10,31.1,311.0,3.0,314.0,28.08,0.0,0.0,0.0,0.0,0.0
190,38,10,31.1,311.0,3.0,314.0,28.17,0.0,0.0,0.0,0.0,0.0
191,38,10,31.1,311.0,3.0,314.0,28.980000000000004,0.0,0.0,0.0,0.0,0.0
192,38,10,31.1,311.0,3.0,314.0,29.069999999999997,0.0,0.0,0.0,0.0,0.0
193,38,10,31.1,311.0,3.0,314.0,29.7,0.0,0.0,0.0,0.0,0.0
194,38,10,31.1,311.0,3.0,314.0,31.14,0.0,0.0,0.0,0.0,0.0
195,38,10,31.1,311.0,3.0,314.0,31.14,31.14,311.4,3.0,308.4,-5.600000000000023
196,39,10,31.5,315.0,3.0,318.0,0.0,0.0,0.0,0.0,0.0,0.0
197,39,10,31.5,315.0,3.0,318.0,28.35,0.0,0.0,0.0,0.0,0.0
198,39,10,31.5,315.0,3.0,318.0,28.709999999999997,0.0,0.0,0.0,0.0,0.0
199,39,10,31.5,315.0,3.0,318.0,29.519999999999996,0.0,0.0,0.0,0.0,0.0
200,39,10,31.5,315.0,3.0,318.0,29.61,0.0,0.0,0.0,0.0,0.0
201,39,10,31.5,315.0,3.0,318.0,29.61,29.61,296.1,3.0,293.1,-24.899999999999977
202,40,10,22.6,226.0,3.0,229.0,0.0,0.0,0.0,0.0,0.0,0.0
203,40,10,22.6,226.0,3.0,229.0,20.34,0.0,0.0,0.0,0.0,0.0
204,40,10,22.6,226.0,3.0,229.0,20.7,0.0,0.0,0.0,0.0,0.0
205,40,10,22.6,226.0,3.0,229.0,21.15,0.0,0.0,0.0,0.0,0.0
206,40,10,22.6,226.0,3.0,229.0,22.05,0.0,0.0,0.0,0.0,0.0
207,40,10,22.6,226.0,3.0,229.0,22.14,0.0,0.0,0.0,0.0,0.0
208,40,10,22.6,226.0,3.0,229.0,22.14,22.14,221.4,3.0,218.4,-10.599999999999994
209,41,10,22.0,220.0,3.0,223.0,0.0,0.0,0.0,0.0,0.0,0.0
210,41,10,22.0,220.0,3.0,223.0,19.8,0.0,0.0,0.0,0.0,0.0
211,41,10,22.0,220.0,3.0,223.0,20.25,0.0,0.0,0.0,0.0,0.0
212,41,10,22.0,220.0,3.0,223.0,20.43,0.0,0.0,0.0,0.0,0.0
213,41,10,22.0,220.0,3.0,223.0,20.7,0.0,0.0,0.0,0.0,0.0
214,41,10,22.0,220.0,3.0,223.0,20.7,20.7,207.0,3.0,204.0,-19.0
215,42,10,15.0,150.0,3.0,153.0,0.0,0.0,0.0,0.0,0.0,0.0
216,42,10,15.0,150.0,3.0,153.0,13.5,0.0,0.0,0.0,0.0,0.0
217,42,10,15.0,150.0,3.0,153.0,14.22,0.0,0.0,0.0,0.0,0.0
218,42,10,15.0,150.0,3.0,153.0,14.4,0.0,0.0,0.0,0.0,0.0
219,42,10,15.0,150.0,3.0,153.0,14.85,0.0,0.0,0.0,0.0,0.0
220,42,10,15.0,150.0,3.0,153.0,15.209999999999999,0.0,0.0,0.0,0.0,0.0
221,42,10,15.0,150.0,3.0,153.0,15.93,0.0,0.0,0.0,0.0,0.0
222,42,10,15.0,150.0,3.0,153.0,16.740000000000002,0.0,0.0,0.0,0.0,0.0
223,42,10,15.0,150.0,3.0,153.0,17.235,0.0,0.0,0.0,0.0,0.0
224,42,10,15.0,150.0,3.0,153.0,18.27,0.0,0.0,0.0,0.0,0.0
225,42,10,15.0,150.0,3.0,153.0,19.35,0.0,0.0,0.0,0.0,0.0
226,42,10,15.0,150.0,3.0,153.0,19.89,0.0,0.0,0.0,0.0,0.0
227,42,10,15.0,150.0,3.0,153.0,20.61,0.0,0.0,0.0,0.0,0.0
228,42,10,15.0,150.0,3.0,153.0,21.15,0.0,0.0,0.0,0.0,0.0
229,42,10,15.0,150.0,3.0,153.0,21.509999999999998,0.0,0.0,0.0,0.0,0.0
230,42,10,15.0,150.0,3.0,153.0,22.05,0.0,0.0,0.0,0.0,0.0
231,42,10,15.0,150.0,3.0,153.0,22.409999999999997,0.0,0.0,0.0,0.0,0.0
232,42,10,15.0,150.0,3.0,153.0,23.22,0.0,0.0,0.0,0.0,0.0
233,42,10,15.0,150.0,3.0,153.0,23.490000000000002,0.0,0.0,0.0,0.0,0.0
234,42,10,15.0,150.0,3.0,153.0,23.67,0.0,0.0,0.0,0.0,0.0
235,42,10,15.0,150.0,3.0,153.0,24.03,0.0,0.0,0.0,0.0,0.0
236,42,10,15.0,150.0,3.0,153.0,24.75,0.0,0.0,0.0,0.0,0.0
237,42,10,15.0,150.0,3.0,153.0,25.47,0.0,0.0,0.0,0.0,0.0
238,42,10,15.0,150.0,3.0,153.0,26.37,0.0,0.0,0.0,0.0,0.0
239,42,10,15.0,150.0,3.0,153.0,26.55,0.0,0.0,0.0,0.0,0.0
240,42,10,15.0,150.0,3.0,153.0,26.55,26.55,265.5,3.0,262.5,109.5
241,43,10,28.2,282.0,3.0,285.0,0.0,0.0,0.0,0.0,0.0,0.0
242,43,10,28.2,282.0,3.0,285.0,25.38,0.0,0.0,0.0,0.0,0.0
243,43,10,28.2,282.0,3.0,285.0,25.65,0.0,0.0,0.0,0.0,0.0
244,43,10,28.2,282.0,3.0,285.0,26.459999999999997,0.0,0.0,0.0,0.0,0.0
245,43,10,28.2,282.0,3.0,285.0,27.27,0.0,0.0,0.0,0.0,0.0
246,43,10,28.2,282.0,3.0,285.0,27.81,0.0,0.0,0.0,0.0,0.0
247,43,10,28.2,282.0,3.0,285.0,29.159999999999997,0.0,0.0,0.0,0.0,0.0
248,43,10,28.2,282.0,3.0,285.0,29.7,0.0,0.0,0.0,0.0,0.0
249,43,10,28.2,282.0,3.0,285.0,30.15,0.0,0.0,0.0,0.0,0.0
250,43,10,28.2,282.0,3.0,285.0,31.05,0.0,0.0,0.0,0.0,0.0
251,43,10,28.2,282.0,3.0,285.0,31.05,31.05,310.5,3.0,307.5,22.5
252,44,10,32.1,321.0,3.0,324.0,0.0,0.0,0.0,0.0,0.0,0.0
253,44,10,32.1,321.0,3.0,324.0,28.89,0.0,0.0,0.0,0.0,0.0
254,44,10,32.1,321.0,3.0,324.0,29.25,0.0,0.0,0.0,0.0,0.0
255,44,10,32.1,321.0,3.0,324.0,29.97,0.0,0.0,0.0,0.0,0.0
256,44,10,32.1,321.0,3.0,324.0,29.97,29.97,299.7,3.0,296.7,-27.30000000000001
257,45,10,33.5,335.0,3.0,338.0,0.0,0.0,0.0,0.0,0.0,0.0
258,45,10,33.5,335.0,3.0,338.0,30.15,0.0,0.0,0.0,0.0,0.0
259,45,10,33.5,335.0,3.0,338.0,31.05,0.0,0.0,0.0,0.0,0.0
260,45,10,33.5,335.0,3.0,338.0,32.76,0.0,0.0,0.0,0.0,0.0
261,45,10,33.5,335.0,3.0,338.0,33.12,0.0,0.0,0.0,0.0,0.0
262,45,10,33.5,335.0,3.0,338.0,33.3,0.0,0.0,0.0,0.0,0.0
263,45,10,33.5,335.0,3.0,338.0,34.2,0.0,0.0,0.0,0.0,0.0
264,45,10,33.5,335.0,3.0,338.0,34.65,0.0,0.0,0.0,0.0,0.0
265,45,10,33.5,335.0,3.0,338.0,35.1,0.0,0.0,0.0,0.0,0.0
266,45,10,33.5,335.0,3.0,338.0,35.37,0.0,0.0,0.0,0.0,0.0
267,45,10,33.5,335.0,3.0,338.0,35.37,35.37,353.7,3.0,350.7,12.699999999999989
268,46,10,37.0,370.0,3.0,373.0,0.0,0.0,0.0,0.0,0.0,0.0
269,46,10,37.0,370.0,3.0,373.0,33.3,0.0,0.0,0.0,0.0,0.0
270,46,10,37.0,370.0,3.0,373.0,33.480000000000004,0.0,0.0,0.0,0.0,0.0
271,46,10,37.0,370.0,3.0,373.0,33.75,0.0,0.0,0.0,0.0,0.0
272,46,10,37.0,370.0,3.0,373.0,35.19,0.0,0.0,0.0,0.0,0.0
273,46,10,37.0,370.0,3.0,373.0,35.19,35.19,351.9,3.0,348.9,-24.100000000000023
274,47,10,36.5,365.0,3.0,368.0,0.0,0.0,0.0,0.0,0.0,0.0
275,47,10,36.5,365.0,3.0,368.0,32.85,0.0,0.0,0.0,0.0,0.0
276,47,10,36.5,365.0,3.0,368.0,33.12,0.0,0.0,0.0,0.0,0.0
277,47,10,36.5,365.0,3.0,368.0,33.480000000000004,0.0,0.0,0.0,0.0,0.0
278,47,10,36.5,365.0,3.0,368.0,33.75,0.0,0.0,0.0,0.0,0.0
279,47,10,36.5,365.0,3.0,368.0,33.75,33.75,337.5,3.0,334.5,-33.5
280,48,10,21.0,210.0,3.0,213.0,0.0,0.0,0.0,0.0,0.0,0.0
281,48,10,21.0,210.0,3.0,213.0,18.9,0.0,0.0,0.0,0.0,0.0
282,48,10,21.0,210.0,3.0,213.0,20.7,0.0,0.0,0.0,0.0,0.0
283,48,10,21.0,210.0,3.0,213.0,20.97,0.0,0.0,0.0,0.0,0.0
284,48,10,21.0,210.0,3.0,213.0,20.97,20.97,209.7,3.0,206.7,-6.300000000000011
285,49,10,20.7,207.0,3.0,210.0,0.0,0.0,0.0,0.0,0.0,0.0
286,49,10,20.7,207.0,3.0,210.0,18.63,0.0,0.0,0.0,0.0,0.0
287,49,10,20.7,207.0,3.0,210.0,19.53,0.0,0.0,0.0,0.0,0.0
288,49,10,20.7,207.0,3.0,210.0,19.53,19.53,195.3,3.0,192.3,-17.69999999999999
289,50,10,21.4,214.0,3.0,217.0,0.0,0.0,0.0,0.0,0.0,0.0
290,50,10,21.4,214.0,3.0,217.0,19.259999999999998,0.0,0.0,0.0,0.0,0.0
291,50,10,21.4,214.0,3.0,217.0,19.8,0.0,0.0,0.0,0.0,0.0
292,50,10,21.4,214.0,3.0,217.0,20.25,0.0,0.0,0.0,0.0,0.0
293,50,10,21.4,214.0,3.0,217.0,20.25,20.25,202.5,3.0,199.5,-17.5
294,51,10,21.6,216.0,3.0,219.0,0.0,0.0,0.0,0.0,0.0,0.0
295,51,10,21.6,216.0,3.0,219.0,19.44,0.0,0.0,0.0,0.0,0.0
296,51,10,21.6,216.0,3.0,219.0,20.07,0.0,0.0,0.0,0.0,0.0
297,51,10,21.6,216.0,3.0,219.0,20.97,0.0,0.0,0.0,0.0,0.0
298,51,10,21.6,216.0,3.0,219.0,20.97,20.97,209.7,3.0,206.7,-12.300000000000011
299,52,10,21.3,213.0,3.0,216.0,0.0,0.0,0.0,0.0,0.0,0.0
300,52,10,21.3,213.0,3.0,216.0,19.17,0.0,0.0,0.0,0.0,0.0
301,52,10,21.3,213.0,3.0,216.0,19.53,0.0,0.0,0.0,0.0,0.0
302,52,10,21.3,213.0,3.0,216.0,20.34,0.0,0.0,0.0,0.0,0.0
303,52,10,21.3,213.0,3.0,216.0,20.7,0.0,0.0,0.0,0.0,0.0
304,52,10,21.3,213.0,3.0,216.0,20.97,0.0,0.0,0.0,0.0,0.0
305,52,10,21.3,213.0,3.0,216.0,23.490000000000002,0.0,0.0,0.0,0.0,0.0
306,52,10,21.3,213.0,3.0,216.0,23.85,0.0,0.0,0.0,0.0,0.0
307,52,10,21.3,213.0,3.0,216.0,24.57,0.0,0.0,0.0,0.0,0.0
308,52,10,21.3,213.0,3.0,216.0,24.659999999999997,0.0,0.0,0.0,0.0,0.0
309,52,10,21.3,213.0,3.0,216.0,25.02,0.0,0.0,0.0,0.0,0.0
310,52,10,21.3,213.0,3.0,216.0,25.29,0.0,0.0,0.0,0.0,0.0
311,52,10,21.3,213.0,3.0,216.0,26.1,0.0,0.0,0.0,0.0,0.0
312,52,10,21.3,213.0,3.0,216.0,27.0,0.0,0.0,0.0,0.0,0.0
313,52,10,21.3,213.0,3.0,216.0,27.0,27.0,270.0,3.0,267.0,51.0
314,53,10,26.8,268.0,3.0,271.0,0.0,0.0,0.0,0.0,0.0,0.0
315,53,10,26.8,268.0,3.0,271.0,24.12,0.0,0.0,0.0,0.0,0.0
316,53,10,26.8,268.0,3.0,271.0,24.3,0.0,0.0,0.0,0.0,0.0
317,53,10,26.8,268.0,3.0,271.0,24.75,0.0,0.0,0.0,0.0,0.0
318,53,10,26.8,268.0,3.0,271.0,25.740000000000002,0.0,0.0,0.0,0.0,0.0
319,53,10,26.8,268.0,3.0,271.0,25.83,0.0,0.0,0.0,0.0,0.0
320,53,10,26.8,268.0,3.0,271.0,26.1,0.0,0.0,0.0,0.0,0.0
321,53,10,26.8,268.0,3.0,271.0,26.37,0.0,0.0,0.0,0.0,0.0
322,53,10,26.8,268.0,3.0,271.0,27.36,0.0,0.0,0.0,0.0,0.0
323,53,10,26.8,268.0,3.0,271.0,28.89,0.0,0.0,0.0,0.0,0.0
324,53,10,26.8,268.0,3.0,271.0,29.069999999999997,0.0,0.0,0.0,0.0,0.0
325,53,10,26.8,268.0,3.0,271.0,29.34,0.0,0.0,0.0,0.0,0.0
326,53,10,26.8,268.0,3.0,271.0,29.430000000000003,0.0,0.0,0.0,0.0,0.0
327,53,10,26.8,268.0,3.0,271.0,29.97,0.0,0.0,0.0,0.0,0.0
328,53,10,26.8,268.0,3.0,271.0,30.869999999999997,0.0,0.0,0.0,0.0,0.0
329,53,10,26.8,268.0,3.0,271.0,31.59,0.0,0.0,0.0,0.0,0.0
330,53,10,26.8,268.0,3.0,271.0,32.22,0.0,0.0,0.0,0.0,0.0
331,53,10,26.8,268.0,3.0,271.0,32.4,0.0,0.0,0.0,0.0,0.0
332,53,10,26.8,268.0,3.0,271.0,32.76,0.0,0.0,0.0,0.0,0.0
333,53,10,26.8,268.0,3.0,271.0,33.3,0.0,0.0,0.0,0.0,0.0
334,53,10,26.8,268.0,3.0,271.0,35.1,0.0,0.0,0.0,0.0,0.0
335,53,10,26.8,268.0,3.0,271.0,35.55,0.0,0.0,0.0,0.0,0.0
336,53,10,26.8,268.0,3.0,271.0,36.45,0.0,0.0,0.0,0.0,0.0
337,53,10,26.8,268.0,3.0,271.0,38.7,0.0,0.0,0.0,0.0,0.0
338,53,10,26.8,268.0,3.0,271.0,40.5,0.0,0.0,0.0,0.0,0.0
339,53,10,26.8,268.0,3.0,271.0,40.59,0.0,0.0,0.0,0.0,0.0
340,53,10,26.8,268.0,3.0,271.0,41.85,0.0,0.0,0.0,0.0,0.0
341,53,10,26.8,268.0,3.0,271.0,43.2,0.0,0.0,0.0,0.0,0.0
342,53,10,26.8,268.0,3.0,271.0,44.01,0.0,0.0,0.0,0.0,0.0
343,53,10,26.8,268.0,3.0,271.0,44.19,0.0,0.0,0.0,0.0,0.0
344,53,10,26.8,268.0,3.0,271.0,44.28,0.0,0.0,0.0,0.0,0.0
345,53,10,26.8,268.0,3.0,271.0,44.55,0.0,0.0,0.0,0.0,0.0
346,53,10,26.8,268.0,3.0,271.0,44.81999999999999,0.0,0.0,0.0,0.0,0.0
347,53,10,26.8,268.0,3.0,271.0,45.9,0.0,0.0,0.0,0.0,0.0
348,53,10,26.8,268.0,3.0,271.0,45.9,45.9,459.0,3.0,456.0,185.0
349,54,10,45.0,450.0,3.0,453.0,0.0,0.0,0.0,0.0,0.0,0.0
350,54,10,45.0,450.0,3.0,453.0,40.5,0.0,0.0,0.0,0.0,0.0
351,54,10,45.0,450.0,3.0,453.0,40.59,0.0,0.0,0.0,0.0,0.0
352,54,10,45.0,450.0,3.0,453.0,41.22,0.0,0.0,0.0,0.0,0.0
353,54,10,45.0,450.0,3.0,453.0,41.22,41.22,412.2,3.0,409.2,-43.80000000000001
354,55,10,41.2,412.0,3.0,415.0,0.0,0.0,0.0,0.0,0.0,0.0
355,55,10,41.2,412.0,3.0,415.0,37.080000000000005,0.0,0.0,0.0,0.0,0.0
356,55,10,41.2,412.0,3.0,415.0,37.53,0.0,0.0,0.0,0.0,0.0
357,55,10,41.2,412.0,3.0,415.0,37.53,37.53,375.3,3.0,372.3,-42.69999999999999
358,56,10,38.4,384.0,3.0,387.0,0.0,0.0,0.0,0.0,0.0,0.0
359,56,10,38.4,384.0,3.0,387.0,34.56,0.0,0.0,0.0,0.0,0.0
360,56,10,38.4,384.0,3.0,387.0,34.56,34.56,345.6,3.0,342.6,-44.39999999999998
361,57,10,34.9,349.0,3.0,352.0,0.0,0.0,0.0,0.0,0.0,0.0
362,57,10,34.9,349.0,3.0,352.0,31.409999999999997,0.0,0.0,0.0,0.0,0.0
363,57,10,34.9,349.0,3.0,352.0,31.95,0.0,0.0,0.0,0.0,0.0
364,57,10,34.9,349.0,3.0,352.0,32.4,0.0,0.0,0.0,0.0,0.0
365,57,10,34.9,349.0,3.0,352.0,32.669999999999995,0.0,0.0,0.0,0.0,0.0
366,57,10,34.9,349.0,3.0,352.0,32.85,0.0,0.0,0.0,0.0,0.0
367,57,10,34.9,349.0,3.0,352.0,32.85,32.85,328.5,3.0,325.5,-26.5
368,58,10,28.6,286.0,3.0,289.0,0.0,0.0,0.0,0.0,0.0,0.0
369,58,10,28.6,286.0,3.0,289.0,25.740000000000002,0.0,0.0,0.0,0.0,0.0
370,58,10,28.6,286.0,3.0,289.0,25.83,0.0,0.0,0.0,0.0,0.0
371,58,10,28.6,286.0,3.0,289.0,26.009999999999998,0.0,0.0,0.0,0.0,0.0
372,58,10,28.6,286.0,3.0,289.0,26.1,0.0,0.0,0.0,0.0,0.0
373,58,10,28.6,286.0,3.0,289.0,26.459999999999997,0.0,0.0,0.0,0.0,0.0
374,58,10,28.6,286.0,3.0,289.0,26.55,0.0,0.0,0.0,0.0,0.0
375,58,10,28.6,286.0,3.0,289.0,26.73,0.0,0.0,0.0,0.0,0.0
376,58,10,28.6,286.0,3.0,289.0,26.82,0.0,0.0,0.0,0.0,0.0
377,58,10,28.6,286.0,3.0,289.0,26.909999999999997,0.0,0.0,0.0,0.0,0.0
378,58,10,28.6,286.0,3.0,289.0,27.36,0.0,0.0,0.0,0.0,0.0
379,58,10,28.6,286.0,3.0,289.0,27.9,0.0,0.0,0.0,0.0,0.0
380,58,10,28.6,286.0,3.0,289.0,28.17,0.0,0.0,0.0,0.0,0.0
381,58,10,28.6,286.0,3.0,289.0,28.53,0.0,0.0,0.0,0.0,0.0
382,58,10,28.6,286.0,3.0,289.0,28.53,28.53,285.3,3.0,282.3,-6.699999999999989
383,59,10,29.8,298.0,3.0,301.0,0.0,0.0,0.0,0.0,0.0,0.0
384,59,10,29.8,298.0,3.0,301.0,26.82,0.0,0.0,0.0,0.0,0.0
385,59,10,29.8,298.0,3.0,301.0,27.45,0.0,0.0,0.0,0.0,0.0
386,59,10,29.8,298.0,3.0,301.0,27.45,27.45,274.5,3.0,271.5,-29.5
387,60,10,19.4,194.0,3.0,197.0,0.0,0.0,0.0,0.0,0.0,0.0
388,60,10,19.4,194.0,3.0,197.0,17.459999999999997,0.0,0.0,0.0,0.0,0.0
389,60,10,19.4,194.0,3.0,197.0,17.91,0.0,0.0,0.0,0.0,0.0
390,60,10,19.4,194.0,3.0,197.0,18.0,0.0,0.0,0.0,0.0,0.0
391,60,10,19.4,194.0,3.0,197.0,18.45,0.0,0.0,0.0,0.0,0.0
392,60,10,19.4,194.0,3.0,197.0,18.9,0.0,0.0,0.0,0.0,0.0
393,60,10,19.4,194.0,3.0,197.0,19.35,0.0,0.0,0.0,0.0,0.0
394,60,10,19.4,194.0,3.0,197.0,19.62,0.0,0.0,0.0,0.0,0.0
395,60,10,19.4,194.0,3.0,197.0,20.52,0.0,0.0,0.0,0.0,0.0
396,60,10,19.4,194.0,3.0,197.0,20.52,20.52,205.2,3.0,202.2,5.199999999999989
397,61,10,22.1,221.0,3.0,224.0,0.0,0.0,0.0,0.0,0.0,0.0
398,61,10,22.1,221.0,3.0,224.0,19.89,0.0,0.0,0.0,0.0,0.0
399,61,10,22.1,221.0,3.0,224.0,20.43,0.0,0.0,0.0,0.0,0.0
400,61,10,22.1,221.0,3.0,224.0,21.33,0.0,0.0,0.0,0.0,0.0
401,61,10,22.1,221.0,3.0,224.0,21.78,0.0,0.0,0.0,0.0,0.0
402,61,10,22.1,221.0,3.0,224.0,22.05,0.0,0.0,0.0,0.0,0.0
403,61,10,22.1,221.0,3.0,224.0,23.4,0.0,0.0,0.0,0.0,0.0
404,61,10,22.1,221.0,3.0,224.0,24.03,0.0,0.0,0.0,0.0,0.0
405,61,10,22.1,221.0,3.0,224.0,24.03,24.03,240.3,3.0,237.3,13.300000000000011
406,62,10,25.8,258.0,3.0,261.0,0.0,0.0,0.0,0.0,0.0,0.0
407,62,10,25.8,258.0,3.0,261.0,23.22,0.0,0.0,0.0,0.0,0.0
408,62,10,25.8,258.0,3.0,261.0,23.22,23.22,232.2,3.0,229.2,-31.80000000000001
409,63,10,21.5,215.0,3.0,218.0,0.0,0.0,0.0,0.0,0.0,0.0
410,63,10,21.5,215.0,3.0,218.0,19.35,0.0,0.0,0.0,0.0,0.0
411,63,10,21.5,215.0,3.0,218.0,19.8,0.0,0.0,0.0,0.0,0.0
412,63,10,21.5,215.0,3.0,218.0,19.8,19.8,198.0,3.0,195.0,-23.0
413,64,10,22.0,220.0,3.0,223.0,0.0,0.0,0.0,0.0,0.0,0.0
414,64,10,22.0,220.0,3.0,223.0,19.8,0.0,0.0,0.0,0.0,0.0
415,64,10,22.0,220.0,3.0,223.0,19.8,19.8,198.0,3.0,195.0,-28.0
416,65,10,21.2,212.0,3.0,215.0,0.0,0.0,0.0,0.0,0.0,0.0
417,65,10,21.2,212.0,3.0,215.0,19.08,0.0,0.0,0.0,0.0,0.0
418,65,10,21.2,212.0,3.0,215.0,19.709999999999997,0.0,0.0,0.0,0.0,0.0
419,65,10,21.2,212.0,3.0,215.0,19.8,0.0,0.0,0.0,0.0,0.0
420,65,10,21.2,212.0,3.0,215.0,19.8,19.8,198.0,3.0,195.0,-20.0
421,66,10,19.7,197.0,3.0,200.0,0.0,0.0,0.0,0.0,0.0,0.0
422,66,10,19.7,197.0,3.0,200.0,17.73,0.0,0.0,0.0,0.0,0.0
423,66,10,19.7,197.0,3.0,200.0,17.82,0.0,0.0,0.0,0.0,0.0
424,66,10,19.7,197.0,3.0,200.0,18.0,0.0,0.0,0.0,0.0,0.0
425,66,10,19.7,197.0,3.0,200.0,18.540000000000003,0.0,0.0,0.0,0.0,0.0
426,66,10,19.7,197.0,3.0,200.0,18.72,0.0,0.0,0.0,0.0,0.0
427,66,10,19.7,197.0,3.0,200.0,20.052,0.0,0.0,0.0,0.0,0.0
428,66,10,19.7,197.0,3.0,200.0,20.511,0.0,0.0,0.0,0.0,0.0
429,66,10,19.7,197.0,3.0,200.0,21.240000000000002,0.0,0.0,0.0,0.0,0.0
430,66,10,19.7,197.0,3.0,200.0,22.725,0.0,0.0,0.0,0.0,0.0
431,66,10,19.7,197.0,3.0,200.0,23.805,0.0,0.0,0.0,0.0,0.0
432,66,10,19.7,197.0,3.0,200.0,24.39,0.0,0.0,0.0,0.0,0.0
433,66,10,19.7,197.0,3.0,200.0,25.47,0.0,0.0,0.0,0.0,0.0
434,66,10,19.7,197.0,3.0,200.0,25.605,0.0,0.0,0.0,0.0,0.0
435,66,10,19.7,197.0,3.0,200.0,25.83,0.0,0.0,0.0,0.0,0.0
436,66,10,19.7,197.0,3.0,200.0,27.0,0.0,0.0,0.0,0.0,0.0
437,66,10,19.7,197.0,3.0,200.0,28.8,0.0,0.0,0.0,0.0,0.0
438,66,10,19.7,197.0,3.0,200.0,30.105000000000004,0.0,0.0,0.0,0.0,0.0
439,66,10,19.7,197.0,3.0,200.0,30.546,0.0,0.0,0.0,0.0,0.0
440,66,10,19.7,197.0,3.0,200.0,30.869999999999997,0.0,0.0,0.0,0.0,0.0
441,66,10,19.7,197.0,3.0,200.0,30.869999999999997,30.869999999999997,308.7,3.0,305.7,105.69999999999999
442,67,10,31.9,319.0,3.0,322.0,0.0,0.0,0.0,0.0,0.0,0.0
443,67,10,31.9,319.0,3.0,322.0,28.709999999999997,0.0,0.0,0.0,0.0,0.0
444,67,10,31.9,319.0,3.0,322.0,28.709999999999997,28.709999999999997,287.09999999999997,3.0,284.09999999999997,-37.900000000000034
445,68,10,29.7,297.0,3.0,300.0,0.0,0.0,0.0,0.0,0.0,0.0
446,68,10,29.7,297.0,3.0,300.0,26.73,0.0,0.0,0.0,0.0,0.0
447,68,10,29.7,297.0,3.0,300.0,27.765,0.0,0.0,0.0,0.0,0.0
448,68,10,29.7,297.0,3.0,300.0,28.034999999999997,0.0,0.0,0.0,0.0,0.0
449,68,10,29.7,297.0,3.0,300.0,28.08,0.0,0.0,0.0,0.0,0.0
450,68,10,29.7,297.0,3.0,300.0,28.08,28.08,280.79999999999995,3.0,277.79999999999995,-22.200000000000045
451,69,10,32.8,328.0,3.0,331.0,0.0,0.0,0.0,0.0,0.0,0.0
452,69,10,32.8,328.0,3.0,331.0,29.519999999999996,0.0,0.0,0.0,0.0,0.0
453,69,10,32.8,328.0,3.0,331.0,29.519999999999996,29.519999999999996,295.19999999999993,3.0,292.19999999999993,-38.80000000000007
454,70,10,29.79,297.9,3.0,300.9,0.0,0.0,0.0,0.0,0.0,0.0
455,70,10,29.79,297.9,3.0,300.9,26.811,0.0,0.0,0.0,0.0,0.0
456,70,10,29.79,297.9,3.0,300.9,27.9,0.0,0.0,0.0,0.0,0.0
457,70,10,29.79,297.9,3.0,300.9,27.9,27.9,279.0,3.0,276.0,-24.899999999999977
458,71,10,29.81,298.09999999999997,3.0,301.09999999999997,0.0,0.0,0.0,0.0,0.0,0.0
459,71,10,29.81,298.09999999999997,3.0,301.09999999999997,26.829,0.0,0.0,0.0,0.0,0.0
460,71,10,29.81,298.09999999999997,3.0,301.09999999999997,26.829,26.829,268.29,3.0,265.29,-35.809999999999945
461,72,10,26.2,262.0,3.0,265.0,0.0,0.0,0.0,0.0,0.0,0.0
462,72,10,26.2,262.0,3.0,265.0,23.58,0.0,0.0,0.0,0.0,0.0
463,72,10,26.2,262.0,3.0,265.0,25.02,0.0,0.0,0.0,0.0,0.0
464,72,10,26.2,262.0,3.0,265.0,25.632,0.0,0.0,0.0,0.0,0.0
465,72,10,26.2,262.0,3.0,265.0,25.83,0.0,0.0,0.0,0.0,0.0
466,72,10,26.2,262.0,3.0,265.0,25.83,25.83,258.29999999999995,3.0,255.29999999999995,-9.700000000000045
467,73,10,23.0,230.0,3.0,233.0,0.0,0.0,0.0,0.0,0.0,0.0
468,73,10,23.0,230.0,3.0,233.0,20.7,0.0,0.0,0.0,0.0,0.0
469,73,10,23.0,230.0,3.0,233.0,20.88,0.0,0.0,0.0,0.0,0.0
470,73,10,23.0,230.0,3.0,233.0,20.925,0.0,0.0,0.0,0.0,0.0
471,73,10,23.0,230.0,3.0,233.0,20.925,20.925,209.25,3.0,206.25,-26.75
472,74,10,18.84,188.4,3.0,191.4,0.0,0.0,0.0,0.0,0.0,0.0
473,74,10,18.84,188.4,3.0,191.4,16.956,0.0,0.0,0.0,0.0,0.0
474,74,10,18.84,188.4,3.0,191.4,16.956,16.956,169.56,3.0,166.56,-24.840000000000003
475,75,10,18.63,186.29999999999998,3.0,189.29999999999998,0.0,0.0,0.0,0.0,0.0,0.0
476,75,10,18.63,186.29999999999998,3.0,189.29999999999998,16.767,0.0,0.0,0.0,0.0,0.0
477,75,10,18.63,186.29999999999998,3.0,189.29999999999998,16.83,0.0,0.0,0.0,0.0,0.0
478,75,10,18.63,186.29999999999998,3.0,189.29999999999998,16.92,0.0,0.0,0.0,0.0,0.0
479,75,10,18.63,186.29999999999998,3.0,189.29999999999998,16.92,16.92,169.20000000000002,3.0,166.20000000000002,-23.099999999999966
480,76,10,16.99,169.89999999999998,3.0,172.89999999999998,0.0,0.0,0.0,0.0,0.0,0.0
481,76,10,16.99,169.89999999999998,3.0,172.89999999999998,15.290999999999999,0.0,0.0,0.0,0.0,0.0
482,76,10,16.99,169.89999999999998,3.0,172.89999999999998,15.399,0.0,0.0,0.0,0.0,0.0
483,76,10,16.99,169.89999999999998,3.0,172.89999999999998,15.479999999999999,0.0,0.0,0.0,0.0,0.0
484,76,10,16.99,169.89999999999998,3.0,172.89999999999998,16.02,0.0,0.0,0.0,0.0,0.0
485,76,10,16.99,169.89999999999998,3.0,172.89999999999998,16.371000000000002,0.0,0.0,0.0,0.0,0.0
486,76,10,16.99,169.89999999999998,3.0,172.89999999999998,16.56,0.0,0.0,0.0,0.0,0.0
487,76,10,16.99,169.89999999999998,3.0,172.89999999999998,17.090999999999998,0.0,0.0,0.0,0.0,0.0
488,76,10,16.99,169.89999999999998,3.0,172.89999999999998,17.090999999999998,17.090999999999998,170.90999999999997,3.0,167.90999999999997,-4.990000000000009
489,77,10,16.58,165.79999999999998,3.0,168.79999999999998,0.0,0.0,0.0,0.0,0.0,0.0
490,77,10,16.58,165.79999999999998,3.0,168.79999999999998,14.921999999999999,0.0,0.0,0.0,0.0,0.0
491,77,10,16.58,165.79999999999998,3.0,168.79999999999998,14.921999999999999,14.921999999999999,149.22,3.0,146.22,-22.579999999999984
492,78,10,10.9,109.0,3.0,112.0,0.0,0.0,0.0,0.0,0.0,0.0
493,78,10,10.9,109.0,3.0,112.0,9.81,0.0,0.0,0.0,0.0,0.0
494,78,10,10.9,109.0,3.0,112.0,9.81,9.81,98.10000000000001,3.0,95.10000000000001,-16.89999999999999
495,79,10,10.1,101.0,3.0,104.0,0.0,0.0,0.0,0.0,0.0,0.0
496,79,10,10.1,101.0,3.0,104.0,9.09,0.0,0.0,0.0,0.0,0.0
497,79,10,10.1,101.0,3.0,104.0,9.710999999999999,0.0,0.0,0.0,0.0,0.0
498,79,10,10.1,101.0,3.0,104.0,9.756,0.0,0.0,0.0,0.0,0.0
499,79,10,10.1,101.0,3.0,104.0,9.756,9.756,97.56,3.0,94.56,-9.439999999999998
500,80,10,10.1,101.0,3.0,104.0,0.0,0.0,0.0,0.0,0.0,0.0
501,80,10,10.1,101.0,3.0,104.0,9.09,0.0,0.0,0.0,0.0,0.0
502,80,10,10.1,101.0,3.0,104.0,9.261,0.0,0.0,0.0,0.0,0.0
503,80,10,10.1,101.0,3.0,104.0,9.351,0.0,0.0,0.0,0.0,0.0
504,80,10,10.1,101.0,3.0,104.0,9.36,0.0,0.0,0.0,0.0,0.0
505,80,10,10.1,101.0,3.0,104.0,9.378,0.0,0.0,0.0,0.0,0.0
506,80,10,10.1,101.0,3.0,104.0,9.648,0.0,0.0,0.0,0.0,0.0
507,80,10,10.1,101.0,3.0,104.0,9.81,0.0,0.0,0.0,0.0,0.0
508,80,10,10.1,101.0,3.0,104.0,10.323,0.0,0.0,0.0,0.0,0.0
509,80,10,10.1,101.0,3.0,104.0,10.431,0.0,0.0,0.0,0.0,0.0
510,80,10,10.1,101.0,3.0,104.0,11.25,0.0,0.0,0.0,0.0,0.0
511,80,10,10.1,101.0,3.0,104.0,11.25,11.25,112.5,3.0,109.5,5.5
512,81,10,10.97,109.7,3.0,112.7,0.0,0.0,0.0,0.0,0.0,0.0
513,81,10,10.97,109.7,3.0,112.7,9.873000000000001,0.0,0.0,0.0,0.0,0.0
514,81,10,10.97,109.7,3.0,112.7,9.891,0.0,0.0,0.0,0.0,0.0
515,81,10,10.97,109.7,3.0,112.7,9.891,9.891,98.91,3.0,95.91,-16.790000000000006
516,82,10,7.97,79.7,3.0,82.7,0.0,0.0,0.0,0.0,0.0,0.0
517,82,10,7.97,79.7,3.0,82.7,7.173,0.0,0.0,0.0,0.0,0.0
518,82,10,7.97,79.7,3.0,82.7,7.173,7.173,71.73,3.0,68.73,-13.969999999999999
519,83,10,4.45,44.5,3.0,47.5,0.0,0.0,0.0,0.0,0.0,0.0
520,83,10,4.45,44.5,3.0,47.5,4.005,0.0,0.0,0.0,0.0,0.0
521,83,10,4.45,44.5,3.0,47.5,4.095,0.0,0.0,0.0,0.0,0.0
522,83,10,4.45,44.5,3.0,47.5,4.203,0.0,0.0,0.0,0.0,0.0
523,83,10,4.45,44.5,3.0,47.5,4.212,0.0,0.0,0.0,0.0,0.0
524,83,10,4.45,44.5,3.0,47.5,4.41,0.0,0.0,0.0,0.0,0.0
525,83,10,4.45,44.5,3.0,47.5,4.644,0.0,0.0,0.0,0.0,0.0
526,83,10,4.45,44.5,3.0,47.5,4.887,0.0,0.0,0.0,0.0,0.0
527,83,10,4.45,44.5,3.0,47.5,5.22,0.0,0.0,0.0,0.0,0.0
528,83,10,4.45,44.5,3.0,47.5,5.3100000000000005,0.0,0.0,0.0,0.0,0.0
529,83,10,4.45,44.5,3.0,47.5,5.3100000000000005,5.3100000000000005,53.10000000000001,3.0,50.10000000000001,2.6000000000000085
530,84,10,5.05,50.5,3.0,53.5,0.0,0.0,0.0,0.0,0.0,0.0
531,84,10,5.05,50.5,3.0,53.5,4.545,0.0,0.0,0.0,0.0,0.0
532,84,10,5.05,50.5,3.0,53.5,5.013,0.0,0.0,0.0,0.0,0.0
533,84,10,5.05,50.5,3.0,53.5,5.058,0.0,0.0,0.0,0.0,0.0
534,84,10,5.05,50.5,3.0,53.5,5.058,5.058,50.58,3.0,47.58,-5.920000000000002
535,85,10,5.09,50.9,3.0,53.9,0.0,0.0,0.0,0.0,0.0,0.0
536,85,10,5.09,50.9,3.0,53.9,4.5809999999999995,0.0,0.0,0.0,0.0,0.0
537,85,10,5.09,50.9,3.0,53.9,4.761,0.0,0.0,0.0,0.0,0.0
538,85,10,5.09,50.9,3.0,53.9,4.932,0.0,0.0,0.0,0.0,0.0
539,85,10,5.09,50.9,3.0,53.9,5.274,0.0,0.0,0.0,0.0,0.0
540,85,10,5.09,50.9,3.0,53.9,6.03,0.0,0.0,0.0,0.0,0.0
541,85,10,5.09,50.9,3.0,53.9,6.057,0.0,0.0,0.0,0.0,0.0
542,85,10,5.09,50.9,3.0,53.9,6.66,0.0,0.0,0.0,0.0,0.0
543,85,10,5.09,50.9,3.0,53.9,6.885,0.0,0.0,0.0,0.0,0.0
544,85,10,5.09,50.9,3.0,53.9,7.235999999999999,0.0,0.0,0.0,0.0,0.0
545,85,10,5.09,50.9,3.0,53.9,7.829999999999999,0.0,0.0,0.0,0.0,0.0
546,85,10,5.09,50.9,3.0,53.9,7.829999999999999,7.829999999999999,78.3,3.0,75.3,21.4
547,86,10,8.59,85.9,3.0,88.9,0.0,0.0,0.0,0.0,0.0,0.0
548,86,10,8.59,85.9,3.0,88.9,7.731,0.0,0.0,0.0,0.0,0.0
549,86,10,8.59,85.9,3.0,88.9,7.731,7.731,77.31,3.0,74.31,-14.590000000000003
550,87,10,7.26,72.6,3.0,75.6,0.0,0.0,0.0,0.0,0.0,0.0
551,87,10,7.26,72.6,3.0,75.6,6.534,0.0,0.0,0.0,0.0,0.0
552,87,10,7.26,72.6,3.0,75.6,6.8759999999999994,0.0,0.0,0.0,0.0,0.0
553,87,10,7.26,72.6,3.0,75.6,6.992999999999999,0.0,0.0,0.0,0.0,0.0
554,87,10,7.26,72.6,3.0,75.6,7.182,0.0,0.0,0.0,0.0,0.0
555,87,10,7.26,72.6,3.0,75.6,7.3709999999999996,0.0,0.0,0.0,0.0,0.0
556,87,10,7.26,72.6,3.0,75.6,7.65,0.0,0.0,0.0,0.0,0.0
557,87,10,7.26,72.6,3.0,75.6,7.739999999999999,0.0,0.0,0.0,0.0,0.0
558,87,10,7.26,72.6,3.0,75.6,8.28,0.0,0.0,0.0,0.0,0.0
559,87,10,7.26,72.6,3.0,75.6,8.334,0.0,0.0,0.0,0.0,0.0
560,87,10,7.26,72.6,3.0,75.6,8.370000000000001,0.0,0.0,0.0,0.0,0.0
561,87,10,7.26,72.6,3.0,75.6,8.406,0.0,0.0,0.0,0.0,0.0
562,87,10,7.26,72.6,3.0,75.6,9.9,0.0,0.0,0.0,0.0,0.0
563,87,10,7.26,72.6,3.0,75.6,10.116,0.0,0.0,0.0,0.0,0.0
564,87,10,7.26,72.6,3.0,75.6,10.979999999999999,0.0,0.0,0.0,0.0,0.0
565,87,10,7.26,72.6,3.0,75.6,10.979999999999999,10.979999999999999,109.79999999999998,3.0,106.79999999999998,31.19999999999999
566,88,10,11.56,115.60000000000001,3.0,118.60000000000001,0.0,0.0,0.0,0.0,0.0,0.0
567,88,10,11.56,115.60000000000001,3.0,118.60000000000001,10.404,0.0,0.0,0.0,0.0,0.0
568,88,10,11.56,115.60000000000001,3.0,118.60000000000001,10.53,0.0,0.0,0.0,0.0,0.0
569,88,10,11.56,115.60000000000001,3.0,118.60000000000001,10.791,0.0,0.0,0.0,0.0,0.0
570,88,10,11.56,115.60000000000001,3.0,118.60000000000001,11.79,0.0,0.0,0.0,0.0,0.0
571,88,10,11.56,115.60000000000001,3.0,118.60000000000001,12.15,0.0,0.0,0.0,0.0,0.0
572,88,10,11.56,115.60000000000001,3.0,118.60000000000001,12.15,12.15,121.5,3.0,118.5,-0.10000000000000853
573,89,10,11.46,114.60000000000001,3.0,117.60000000000001,0.0,0.0,0.0,0.0,0.0,0.0
574,89,10,11.46,114.60000000000001,3.0,117.60000000000001,10.314,0.0,0.0,0.0,0.0,0.0
575,89,10,11.46,114.60000000000001,3.0,117.60000000000001,10.359,0.0,0.0,0.0,0.0,0.0
576,89,10,11.46,114.60000000000001,3.0,117.60000000000001,10.620000000000001,0.0,0.0,0.0,0.0,0.0
577,89,10,11.46,114.60000000000001,3.0,117.60000000000001,11.115,0.0,0.0,0.0,0.0,0.0
578,89,10,11.46,114.60000000000001,3.0,117.60000000000001,11.411999999999999,0.0,0.0,0.0,0.0,0.0
579,89,10,11.46,114.60000000000001,3.0,117.60000000000001,11.411999999999999,11.411999999999999,114.11999999999999,3.0,111.11999999999999,-6.480000000000018
580,90,10,12.38,123.80000000000001,3.0,126.80000000000001,0.0,0.0,0.0,0.0,0.0,0.0
581,90,10,12.38,123.80000000000001,3.0,126.80000000000001,11.142000000000001,0.0,0.0,0.0,0.0,0.0
582,90,10,12.38,123.80000000000001,3.0,126.80000000000001,11.204999999999998,0.0,0.0,0.0,0.0,0.0
583,90,10,12.38,123.80000000000001,3.0,126.80000000000001,12.42,0.0,0.0,0.0,0.0,0.0
584,90,10,12.38,123.80000000000001,3.0,126.80000000000001,12.42,12.42,124.2,3.0,121.2,-5.6000000000000085
585,91,10,12.32,123.2,3.0,126.2,0.0,0.0,0.0,0.0,0.0,0.0
586,91,10,12.32,123.2,3.0,126.2,11.088000000000001,0.0,0.0,0.0,0.0,0.0
587,91,10,12.32,123.2,3.0,126.2,11.385,0.0,0.0,0.0,0.0,0.0
588,91,10,12.32,123.2,3.0,126.2,11.52,0.0,0.0,0.0,0.0,0.0
589,91,10,12.32,123.2,3.0,126.2,11.61,0.0,0.0,0.0,0.0,0.0
590,91,10,12.32,123.2,3.0,126.2,11.79,0.0,0.0,0.0,0.0,0.0
591,91,10,12.32,123.2,3.0,126.2,12.195,0.0,0.0,0.0,0.0,0.0
592,91,10,12.32,123.2,3.0,126.2,12.897,0.0,0.0,0.0,0.0,0.0
593,91,10,12.32,123.2,3.0,126.2,12.897,12.897,128.97,3.0,125.97,-0.23000000000000398
594,92,10,13.35,133.5,3.0,136.5,0.0,0.0,0.0,0.0,0.0,0.0
595,92,10,13.35,133.5,3.0,136.5,12.015,0.0,0.0,0.0,0.0,0.0
596,92,10,13.35,133.5,3.0,136.5,12.24,0.0,0.0,0.0,0.0,0.0
597,92,10,13.35,133.5,3.0,136.5,12.78,0.0,0.0,0.0,0.0,0.0
598,92,10,13.35,133.5,3.0,136.5,12.915,0.0,0.0,0.0,0.0,0.0
599,92,10,13.35,133.5,3.0,136.5,13.266,0.0,0.0,0.0,0.0,0.0
600,92,10,13.35,133.5,3.0,136.5,13.275,0.0,0.0,0.0,0.0,0.0
601,92,10,13.35,133.5,3.0,136.5,13.32,0.0,0.0,0.0,0.0,0.0
602,92,10,13.35,133.5,3.0,136.5,13.365,0.0,0.0,0.0,0.0,0.0
603,92,10,13.35,133.5,3.0,136.5,13.959,0.0,0.0,0.0,0.0,0.0
604,92,10,13.35,133.5,3.0,136.5,14.004000000000001,0.0,0.0,0.0,0.0,0.0
605,92,10,13.35,133.5,3.0,136.5,14.04,0.0,0.0,0.0,0.0,0.0
606,92,10,13.35,133.5,3.0,136.5,14.67,0.0,0.0,0.0,0.0,0.0
607,92,10,13.35,133.5,3.0,136.5,15.740999999999998,0.0,0.0,0.0,0.0,0.0
608,92,10,13.35,133.5,3.0,136.5,16.290000000000003,0.0,0.0,0.0,0.0,0.0
609,92,10,13.35,133.5,3.0,136.5,17.1,0.0,0.0,0.0,0.0,0.0
610,92,10,13.35,133.5,3.0,136.5,17.1,17.1,171.0,3.0,168.0,31.5
611,93,10,16.82,168.2,3.0,171.2,0.0,0.0,0.0,0.0,0.0,0.0
612,93,10,16.82,168.2,3.0,171.2,15.138,0.0,0.0,0.0,0.0,0.0
613,93,10,16.82,168.2,3.0,171.2,15.795,0.0,0.0,0.0,0.0,0.0
614,93,10,16.82,168.2,3.0,171.2,16.938,0.0,0.0,0.0,0.0,0.0
615,93,10,16.82,168.2,3.0,171.2,17.090999999999998,0.0,0.0,0.0,0.0,0.0
616,93,10,16.82,168.2,3.0,171.2,17.325,0.0,0.0,0.0,0.0,0.0
617,93,10,16.82,168.2,3.0,171.2,18.0,0.0,0.0,0.0,0.0,0.0
618,93,10,16.82,168.2,3.0,171.2,18.531,0.0,0.0,0.0,0.0,0.0
619,93,10,16.82,168.2,3.0,171.2,18.63,0.0,0.0,0.0,0.0,0.0
620,93,10,16.82,168.2,3.0,171.2,19.17,0.0,0.0,0.0,0.0,0.0
621,93,10,16.82,168.2,3.0,171.2,20.16,0.0,0.0,0.0,0.0,0.0
622,93,10,16.82,168.2,3.0,171.2,20.925,0.0,0.0,0.0,0.0,0.0
623,93,10,16.82,168.2,3.0,171.2,20.925,20.925,209.25,3.0,206.25,35.05000000000001
624,94,10,20.91,209.1,3.0,212.1,0.0,0.0,0.0,0.0,0.0,0.0
625,94,10,20.91,209.1,3.0,212.1,18.819,0.0,0.0,0.0,0.0,0.0
626,94,10,20.91,209.1,3.0,212.1,20.682000000000002,0.0,0.0,0.0,0.0,0.0
627,94,10,20.91,209.1,3.0,212.1,22.203000000000003,0.0,0.0,0.0,0.0,0.0
628,94,10,20.91,209.1,3.0,212.1,23.274,0.0,0.0,0.0,0.0,0.0
629,94,10,20.91,209.1,3.0,212.1,24.12,0.0,0.0,0.0,0.0,0.0
630,94,10,20.91,209.1,3.0,212.1,24.165,0.0,0.0,0.0,0.0,0.0
631,94,10,20.91,209.1,3.0,212.1,24.884999999999998,0.0,0.0,0.0,0.0,0.0
632,94,10,20.91,209.1,3.0,212.1,26.009999999999998,0.0,0.0,0.0,0.0,0.0
633,94,10,20.91,209.1,3.0,212.1,26.271,0.0,0.0,0.0,0.0,0.0
634,94,10,20.91,209.1,3.0,212.1,28.8,0.0,0.0,0.0,0.0,0.0
635,94,10,20.91,209.1,3.0,212.1,30.419999999999998,0.0,0.0,0.0,0.0,0.0
636,94,10,20.91,209.1,3.0,212.1,30.860999999999997,0.0,0.0,0.0,0.0,0.0
637,94,10,20.91,209.1,3.0,212.1,31.185,0.0,0.0,0.0,0.0,0.0
638,94,10,20.91,209.1,3.0,212.1,33.408,0.0,0.0,0.0,0.0,0.0
639,94,10,20.91,209.1,3.0,212.1,35.37,0.0,0.0,0.0,0.0,0.0
640,94,10,20.91,209.1,3.0,212.1,37.8,0.0,0.0,0.0,0.0,0.0
641,94,10,20.91,209.1,3.0,212.1,38.97,0.0,0.0,0.0,0.0,0.0
642,94,10,20.91,209.1,3.0,212.1,39.591,0.0,0.0,0.0,0.0,0.0
643,94,10,20.91,209.1,3.0,212.1,39.627,0.0,0.0,0.0,0.0,0.0
644,94,10,20.91,209.1,3.0,212.1,39.627,39.627,396.27000000000004,3.0,393.27000000000004,181.17000000000004
645,95,10,35.26,352.59999999999997,3.0,355.59999999999997,0.0,0.0,0.0,0.0,0.0,0.0
646,95,10,35.26,352.59999999999997,3.0,355.59999999999997,31.733999999999998,0.0,0.0,0.0,0.0,0.0
647,95,10,35.26,352.59999999999997,3.0,355.59999999999997,32.831999999999994,0.0,0.0,0.0,0.0,0.0
648,95,10,35.26,352.59999999999997,3.0,355.59999999999997,32.85,0.0,0.0,0.0,0.0,0.0
649,95,10,35.26,352.59999999999997,3.0,355.59999999999997,33.12,0.0,0.0,0.0,0.0,0.0
650,95,10,35.26,352.59999999999997,3.0,355.59999999999997,34.713,0.0,0.0,0.0,0.0,0.0
651,95,10,35.26,352.59999999999997,3.0,355.59999999999997,37.989000000000004,0.0,0.0,0.0,0.0,0.0
652,95,10,35.26,352.59999999999997,3.0,355.59999999999997,38.294999999999995,0.0,0.0,0.0,0.0,0.0
653,95,10,35.26,352.59999999999997,3.0,355.59999999999997,38.294999999999995,38.294999999999995,382.94999999999993,3.0,379.94999999999993,24.349999999999966
654,96,10,40.5,405.0,3.0,408.0,0.0,0.0,0.0,0.0,0.0,0.0
655,96,10,40.5,405.0,3.0,408.0,36.45,0.0,0.0,0.0,0.0,0.0
656,96,10,40.5,405.0,3.0,408.0,36.45,36.45,364.5,3.0,361.5,-46.5
657,97,10,36.0,360.0,3.0,363.0,0.0,0.0,0.0,0.0,0.0,0.0
658,97,10,36.0,360.0,3.0,363.0,32.4,0.0,0.0,0.0,0.0,0.0
659,97,10,36.0,360.0,3.0,363.0,33.291000000000004,0.0,0.0,0.0,0.0,0.0
660,97,10,36.0,360.0,3.0,363.0,33.3,0.0,0.0,0.0,0.0,0.0
661,97,10,36.0,360.0,3.0,363.0,33.345,0.0,0.0,0.0,0.0,0.0
662,97,10,36.0,360.0,3.0,363.0,33.606,0.0,0.0,0.0,0.0,0.0
663,97,10,36.0,360.0,3.0,363.0,34.2,0.0,0.0,0.0,0.0,0.0
664,97,10,36.0,360.0,3.0,363.0,34.29,0.0,0.0,0.0,0.0,0.0
665,97,10,36.0,360.0,3.0,363.0,34.74,0.0,0.0,0.0,0.0,0.0
666,97,10,36.0,360.0,3.0,363.0,35.081999999999994,0.0,0.0,0.0,0.0,0.0
667,97,10,36.0,360.0,3.0,363.0,35.1,0.0,0.0,0.0,0.0,0.0
668,97,10,36.0,360.0,3.0,363.0,35.91,0.0,0.0,0.0,0.0,0.0
669,97,10,36.0,360.0,3.0,363.0,36.9,0.0,0.0,0.0,0.0,0.0
670,97,10,36.0,360.0,3.0,363.0,40.401,0.0,0.0,0.0,0.0,0.0
671,97,10,36.0,360.0,3.0,363.0,43.11,0.0,0.0,0.0,0.0,0.0
672,97,10,36.0,360.0,3.0,363.0,43.11,43.11,431.1,3.0,428.1,65.10000000000002
673,98,10,41.65,416.5,3.0,419.5,0.0,0.0,0.0,0.0,0.0,0.0
674,98,10,41.65,416.5,3.0,419.5,37.485,0.0,0.0,0.0,0.0,0.0
675,98,10,41.65,416.5,3.0,419.5,38.43,0.0,0.0,0.0,0.0,0.0
676,98,10,41.65,416.5,3.0,419.5,38.673,0.0,0.0,0.0,0.0,0.0
677,98,10,41.65,416.5,3.0,419.5,40.68,0.0,0.0,0.0,0.0,0.0
678,98,10,41.65,416.5,3.0,419.5,41.49,0.0,0.0,0.0,0.0,0.0
679,98,10,41.65,416.5,3.0,419.5,42.480000000000004,0.0,0.0,0.0,0.0,0.0
680,98,10,41.65,416.5,3.0,419.5,43.2,0.0,0.0,0.0,0.0,0.0
681,98,10,41.65,416.5,3.0,419.5,44.433,0.0,0.0,0.0,0.0,0.0
682,98,10,41.65,416.5,3.0,419.5,44.505,0.0,0.0,0.0,0.0,0.0
683,98,10,41.65,416.5,3.0,419.5,44.64,0.0,0.0,0.0,0.0,0.0
684,98,10,41.65,416.5,3.0,419.5,45.0,0.0,0.0,0.0,0.0,0.0
685,98,10,41.65,416.5,3.0,419.5,45.675,0.0,0.0,0.0,0.0,0.0
686,98,10,41.65,416.5,3.0,419.5,46.935,0.0,0.0,0.0,0.0,0.0
687,98,10,41.65,416.5,3.0,419.5,46.980000000000004,0.0,0.0,0.0,0.0,0.0
688,98,10,41.65,416.5,3.0,419.5,47.43,0.0,0.0,0.0,0.0,0.0
689,98,10,41.65,416.5,3.0,419.5,47.43,47.43,474.3,3.0,471.3,51.80000000000001
690,99,10,44.0,440.0,3.0,443.0,0.0,0.0,0.0,0.0,0.0,0.0
691,99,10,44.0,440.0,3.0,443.0,39.6,0.0,0.0,0.0,0.0,0.0
692,99,10,44.0,440.0,3.0,443.0,40.491,0.0,0.0,0.0,0.0,0.0
693,99,10,44.0,440.0,3.0,443.0,40.662,0.0,0.0,0.0,0.0,0.0
694,99,10,44.0,440.0,3.0,443.0,40.95,0.0,0.0,0.0,0.0,0.0
695,99,10,44.0,440.0,3.0,443.0,41.841,0.0,0.0,0.0,0.0,0.0
696,99,10,44.0,440.0,3.0,443.0,42.12,0.0,0.0,0.0,0.0,0.0
697,99,10,44.0,440.0,3.0,443.0,42.615,0.0,0.0,0.0,0.0,0.0
698,99,10,44.0,440.0,3.0,443.0,42.714,0.0,0.0,0.0,0.0,0.0
699,99,10,44.0,440.0,3.0,443.0,43.019999999999996,0.0,0.0,0.0,0.0,0.0
700,99,10,44.0,440.0,3.0,443.0,43.335,0.0,0.0,0.0,0.0,0.0
701,99,10,44.0,440.0,3.0,443.0,43.551,0.0,0.0,0.0,0.0,0.0
702,99,10,44.0,440.0,3.0,443.0,44.19,0.0,0.0,0.0,0.0,0.0
703,99,10,44.0,440.0,3.0,443.0,44.37,0.0,0.0,0.0,0.0,0.0
704,99,10,44.0,440.0,3.0,443.0,44.37,44.37,443.7,3.0,440.7,-2.3000000000000114
705,100,10,25.9,259.0,3.0,262.0,0.0,0.0,0.0,0.0,0.0,0.0
706,100,10,25.9,259.0,3.0,262.0,23.31,0.0,0.0,0.0,0.0,0.0
707,100,10,25.9,259.0,3.0,262.0,25.38,0.0,0.0,0.0,0.0,0.0
708,100,10,25.9,259.0,3.0,262.0,26.109,0.0,0.0,0.0,0.0,0.0
709,100,10,25.9,259.0,3.0,262.0,27.0,0.0,0.0,0.0,0.0,0.0
710,100,10,25.9,259.0,3.0,262.0,27.27,0.0,0.0,0.0,0.0,0.0
711,100,10,25.9,259.0,3.0,262.0,28.259999999999998,0.0,0.0,0.0,0.0,0.0
712,100,10,25.9,259.0,3.0,262.0,28.665,0.0,0.0,0.0,0.0,0.0
713,100,10,25.9,259.0,3.0,262.0,28.8,0.0,0.0,0.0,0.0,0.0
714,100,10,25.9,259.0,3.0,262.0,28.935,0.0,0.0,0.0,0.0,0.0
715,100,10,25.9,259.0,3.0,262.0,29.25,0.0,0.0,0.0,0.0,0.0
716,100,10,25.9,259.0,3.0,262.0,30.15,0.0,0.0,0.0,0.0,0.0
717,100,10,25.9,259.0,3.0,262.0,31.05,0.0,0.0,0.0,0.0,0.0
718,100,10,25.9,259.0,3.0,262.0,31.14,0.0,0.0,0.0,0.0,0.0
719,100,10,25.9,259.0,3.0,262.0,31.185,0.0,0.0,0.0,0.0,0.0
720,100,10,25.9,259.0,3.0,262.0,32.04,0.0,0.0,0.0,0.0,0.0
721,100,10,25.9,259.0,3.0,262.0,32.4,0.0,0.0,0.0,0.0,0.0
722,100,10,25.9,259.0,3.0,262.0,33.3,0.0,0.0,0.0,0.0,0.0
723,100,10,25.9,259.0,3.0,262.0,33.84,0.0,0.0,0.0,0.0,0.0
724,100,10,25.9,259.0,3.0,262.0,34.38,0.0,0.0,0.0,0.0,0.0
725,100,10,25.9,259.0,3.0,262.0,35.451,0.0,0.0,0.0,0.0,0.0
726,100,10,25.9,259.0,3.0,262.0,35.631,0.0,0.0,0.0,0.0,0.0
727,100,10,25.9,259.0,3.0,262.0,36.0,0.0,0.0,0.0,0.0,0.0
728,100,10,25.9,259.0,3.0,262.0,36.099,0.0,0.0,0.0,0.0,0.0
729,100,10,25.9,259.0,3.0,262.0,36.36,0.0,0.0,0.0,0.0,0.0
730,100,10,25.9,259.0,3.0,262.0,37.89,0.0,0.0,0.0,0.0,0.0
731,100,10,25.9,259.0,3.0,262.0,38.61,0.0,0.0,0.0,0.0,0.0
732,100,10,25.9,259.0,3.0,262.0,38.61,38.61,386.1,3.0,383.1,121.10000000000002
733,101,10,39.8,398.0,3.0,401.0,0.0,0.0,0.0,0.0,0.0,0.0
734,101,10,39.8,398.0,3.0,401.0,35.82,0.0,0.0,0.0,0.0,0.0
735,101,10,39.8,398.0,3.0,401.0,36.81,0.0,0.0,0.0,0.0,0.0
736,101,10,39.8,398.0,3.0,401.0,37.755,0.0,0.0,0.0,0.0,0.0
737,101,10,39.8,398.0,3.0,401.0,39.419999999999995,0.0,0.0,0.0,0.0,0.0
738,101,10,39.8,398.0,3.0,401.0,39.608999999999995,0.0,0.0,0.0,0.0,0.0
739,101,10,39.8,398.0,3.0,401.0,40.5,0.0,0.0,0.0,0.0,0.0
740,101,10,39.8,398.0,3.0,401.0,41.391000000000005,0.0,0.0,0.0,0.0,0.0
741,101,10,39.8,398.0,3.0,401.0,41.4,0.0,0.0,0.0,0.0,0.0
742,101,10,39.8,398.0,3.0,401.0,42.066,0.0,0.0,0.0,0.0,0.0
743,101,10,39.8,398.0,3.0,401.0,43.425,0.0,0.0,0.0,0.0,0.0
744,101,10,39.8,398.0,3.0,401.0,44.55,0.0,0.0,0.0,0.0,0.0
745,101,10,39.8,398.0,3.0,401.0,45.36,0.0,0.0,0.0,0.0,0.0
746,101,10,39.8,398.0,3.0,401.0,46.35,0.0,0.0,0.0,0.0,0.0
747,101,10,39.8,398.0,3.0,401.0,46.35,46.35,463.5,3.0,460.5,59.5
748,102,10,46.42,464.20000000000005,3.0,467.20000000000005,0.0,0.0,0.0,0.0,0.0,0.0
749,102,10,46.42,464.20000000000005,3.0,467.20000000000005,41.778,0.0,0.0,0.0,0.0,0.0
750,102,10,46.42,464.20000000000005,3.0,467.20000000000005,43.38,0.0,0.0,0.0,0.0,0.0
751,102,10,46.42,464.20000000000005,3.0,467.20000000000005,44.01,0.0,0.0,0.0,0.0,0.0
752,102,10,46.42,464.20000000000005,3.0,467.20000000000005,44.01,44.01,440.09999999999997,3.0,437.09999999999997,-30.10000000000008
753,103,10,43.66,436.59999999999997,3.0,439.59999999999997,0.0,0.0,0.0,0.0,0.0,0.0
754,103,10,43.66,436.59999999999997,3.0,439.59999999999997,39.294,0.0,0.0,0.0,0.0,0.0
755,103,10,43.66,436.59999999999997,3.0,439.59999999999997,39.419999999999995,0.0,0.0,0.0,0.0,0.0
756,103,10,43.66,436.59999999999997,3.0,439.59999999999997,40.14,0.0,0.0,0.0,0.0,0.0
757,103,10,43.66,436.59999999999997,3.0,439.59999999999997,40.473,0.0,0.0,0.0,0.0,0.0
758,103,10,43.66,436.59999999999997,3.0,439.59999999999997,40.482,0.0,0.0,0.0,0.0,0.0
759,103,10,43.66,436.59999999999997,3.0,439.59999999999997,40.59,0.0,0.0,0.0,0.0,0.0
760,103,10,43.66,436.59999999999997,3.0,439.59999999999997,41.04,0.0,0.0,0.0,0.0,0.0
761,103,10,43.66,436.59999999999997,3.0,439.59999999999997,41.49,0.0,0.0,0.0,0.0,0.0
762,103,10,43.66,436.59999999999997,3.0,439.59999999999997,41.669999999999995,0.0,0.0,0.0,0.0,0.0
763,103,10,43.66,436.59999999999997,3.0,439.59999999999997,41.76,0.0,0.0,0.0,0.0,0.0
764,103,10,43.66,436.59999999999997,3.0,439.59999999999997,42.21,0.0,0.0,0.0,0.0,0.0
765,103,10,43.66,436.59999999999997,3.0,439.59999999999997,42.525,0.0,0.0,0.0,0.0,0.0
766,103,10,43.66,436.59999999999997,3.0,439.59999999999997,42.525,42.525,425.25,3.0,422.25,-17.349999999999966
767,104,10,46.65,466.5,3.0,469.5,0.0,0.0,0.0,0.0,0.0,0.0
768,104,10,46.65,466.5,3.0,469.5,41.985,0.0,0.0,0.0,0.0,0.0
769,104,10,46.65,466.5,3.0,469.5,43.29,0.0,0.0,0.0,0.0,0.0
770,104,10,46.65,466.5,3.0,469.5,43.47,0.0,0.0,0.0,0.0,0.0
771,104,10,46.65,466.5,3.0,469.5,44.28,0.0,0.0,0.0,0.0,0.0
772,104,10,46.65,466.5,3.0,469.5,44.37,0.0,0.0,0.0,0.0,0.0
773,104,10,46.65,466.5,3.0,469.5,44.55,0.0,0.0,0.0,0.0,0.0
774,104,10,46.65,466.5,3.0,469.5,44.631,0.0,0.0,0.0,0.0,0.0
775,104,10,46.65,466.5,3.0,469.5,45.81,0.0,0.0,0.0,0.0,0.0
776,104,10,46.65,466.5,3.0,469.5,46.62,0.0,0.0,0.0,0.0,0.0
777,104,10,46.65,466.5,3.0,469.5,47.61,0.0,0.0,0.0,0.0,0.0
778,104,10,46.65,466.5,3.0,469.5,47.7,0.0,0.0,0.0,0.0,0.0
779,104,10,46.65,466.5,3.0,469.5,48.15,0.0,0.0,0.0,0.0,0.0
780,104,10,46.65,466.5,3.0,469.5,48.419999999999995,0.0,0.0,0.0,0.0,0.0
781,104,10,46.65,466.5,3.0,469.5,49.275,0.0,0.0,0.0,0.0,0.0
782,104,10,46.65,466.5,3.0,469.5,49.455,0.0,0.0,0.0,0.0,0.0
783,104,10,46.65,466.5,3.0,469.5,49.5,0.0,0.0,0.0,0.0,0.0
784,104,10,46.65,466.5,3.0,469.5,50.76,0.0,0.0,0.0,0.0,0.0
785,104,10,46.65,466.5,3.0,469.5,51.84,0.0,0.0,0.0,0.0,0.0
786,104,10,46.65,466.5,3.0,469.5,52.56,0.0,0.0,0.0,0.0,0.0
787,104,10,46.65,466.5,3.0,469.5,53.1,0.0,0.0,0.0,0.0,0.0
788,104,10,46.65,466.5,3.0,469.5,53.28,0.0,0.0,0.0,0.0,0.0
789,104,10,46.65,466.5,3.0,469.5,54.0,0.0,0.0,0.0,0.0,0.0
790,104,10,46.65,466.5,3.0,469.5,56.385,0.0,0.0,0.0,0.0,0.0
791,104,10,46.65,466.5,3.0,469.5,56.519999999999996,0.0,0.0,0.0,0.0,0.0
792,104,10,46.65,466.5,3.0,469.5,56.7,0.0,0.0,0.0,0.0,0.0
793,104,10,46.65,466.5,3.0,469.5,56.79,0.0,0.0,0.0,0.0,0.0
794,104,10,46.65,466.5,3.0,469.5,57.87,0.0,0.0,0.0,0.0,0.0
795,104,10,46.65,466.5,3.0,469.5,59.4,0.0,0.0,0.0,0.0,0.0
796,104,10,46.65,466.5,3.0,469.5,60.3,0.0,0.0,0.0,0.0,0.0
797,104,10,46.65,466.5,3.0,469.5,60.93,0.0,0.0,0.0,0.0,0.0
798,104,10,46.65,466.5,3.0,469.5,63.0,0.0,0.0,0.0,0.0,0.0
799,104,10,46.65,466.5,3.0,469.5,63.855000000000004,0.0,0.0,0.0,0.0,0.0
800,104,10,46.65,466.5,3.0,469.5,67.05,0.0,0.0,0.0,0.0,0.0
801,104,10,46.65,466.5,3.0,469.5,67.77,0.0,0.0,0.0,0.0,0.0
802,104,10,46.65,466.5,3.0,469.5,67.905,0.0,0.0,0.0,0.0,0.0
803,104,10,46.65,466.5,3.0,469.5,67.905,67.905,679.05,3.0,676.05,206.54999999999995
804,105,10,67.5,675.0,3.0,678.0,0.0,0.0,0.0,0.0,0.0,0.0
805,105,10,67.5,675.0,3.0,678.0,60.75,0.0,0.0,0.0,0.0,0.0
806,105,10,67.5,675.0,3.0,678.0,62.1,0.0,0.0,0.0,0.0,0.0
807,105,10,67.5,675.0,3.0,678.0,63.0,0.0,0.0,0.0,0.0,0.0
808,105,10,67.5,675.0,3.0,678.0,65.61,0.0,0.0,0.0,0.0,0.0
809,105,10,67.5,675.0,3.0,678.0,66.132,0.0,0.0,0.0,0.0,0.0
810,105,10,67.5,675.0,3.0,678.0,66.15,0.0,0.0,0.0,0.0,0.0
811,105,10,67.5,675.0,3.0,678.0,66.69,0.0,0.0,0.0,0.0,0.0
812,105,10,67.5,675.0,3.0,678.0,67.41000000000001,0.0,0.0,0.0,0.0,0.0
813,105,10,67.5,675.0,3.0,678.0,69.93,0.0,0.0,0.0,0.0,0.0
814,105,10,67.5,675.0,3.0,678.0,71.1,0.0,0.0,0.0,0.0,0.0
815,105,10,67.5,675.0,3.0,678.0,71.37,0.0,0.0,0.0,0.0,0.0
816,105,10,67.5,675.0,3.0,678.0,72.53999999999999,0.0,0.0,0.0,0.0,0.0
817,105,10,67.5,675.0,3.0,678.0,72.9,0.0,0.0,0.0,0.0,0.0
818,105,10,67.5,675.0,3.0,678.0,73.62,0.0,0.0,0.0,0.0,0.0
819,105,10,67.5,675.0,3.0,678.0,73.62,73.62,736.2,3.0,733.2,55.200000000000045
820,106,10,79.5,795.0,3.1005,798.1005,0.0,0.0,0.0,0.0,0.0,0.0
821,106,10,79.5,795.0,3.1005,798.1005,71.55,0.0,0.0,0.0,0.0,0.0
822,106,10,79.5,795.0,3.1005,798.1005,71.82,0.0,0.0,0.0,0.0,0.0
823,106,10,79.5,795.0,3.1005,798.1005,71.991,0.0,0.0,0.0,0.0,0.0
824,106,10,79.5,795.0,3.1005,798.1005,72.0,0.0,0.0,0.0,0.0,0.0
825,106,10,79.5,795.0,3.1005,798.1005,73.17,0.0,0.0,0.0,0.0,0.0
826,106,10,79.5,795.0,3.1005,798.1005,73.26,0.0,0.0,0.0,0.0,0.0
827,106,10,79.5,795.0,3.1005,798.1005,74.7,0.0,0.0,0.0,0.0,0.0
828,106,10,79.5,795.0,3.1005,798.1005,75.951,0.0,0.0,0.0,0.0,0.0
829,106,10,79.5,795.0,3.1005,798.1005,76.77,0.0,0.0,0.0,0.0,0.0
830,106,10,79.5,795.0,3.1005,798.1005,78.156,0.0,0.0,0.0,0.0,0.0
831,106,10,79.5,795.0,3.1005,798.1005,78.966,0.0,0.0,0.0,0.0,0.0
832,106,10,79.5,795.0,3.1005,798.1005,80.973,0.0,0.0,0.0,0.0,0.0
833,106,10,79.5,795.0,3.1005,798.1005,81.81,0.0,0.0,0.0,0.0,0.0
834,106,10,79.5,795.0,3.1005,798.1005,83.7,0.0,0.0,0.0,0.0,0.0
835,106,10,79.5,795.0,3.1005,798.1005,85.41000000000001,0.0,0.0,0.0,0.0,0.0
836,106,10,79.5,795.0,3.1005,798.1005,86.03999999999999,0.0,0.0,0.0,0.0,0.0
837,106,10,79.5,795.0,3.1005,798.1005,89.1,0.0,0.0,0.0,0.0,0.0
838,106,10,79.5,795.0,3.1005,798.1005,89.955,0.0,0.0,0.0,0.0,0.0
839,106,10,79.5,795.0,3.1005,798.1005,89.955,89.955,899.55,3.5082449999999996,896.041755,97.94125499999996
840,107,10,92.0,920.0,3.5879999999999996,923.588,0.0,0.0,0.0,0.0,0.0,0.0
841,107,10,92.0,920.0,3.5879999999999996,923.588,82.8,0.0,0.0,0.0,0.0,0.0
842,107,10,92.0,920.0,3.5879999999999996,923.588,87.28200000000001,0.0,0.0,0.0,0.0,0.0
843,107,10,92.0,920.0,3.5879999999999996,923.588,89.091,0.0,0.0,0.0,0.0,0.0
844,107,10,92.0,920.0,3.5879999999999996,923.588,89.451,0.0,0.0,0.0,0.0,0.0
845,107,10,92.0,920.0,3.5879999999999996,923.588,89.541,0.0,0.0,0.0,0.0,0.0
846,107,10,92.0,920.0,3.5879999999999996,923.588,89.685,0.0,0.0,0.0,0.0,0.0
847,107,10,92.0,920.0,3.5879999999999996,923.588,90.0,0.0,0.0,0.0,0.0,0.0
848,107,10,92.0,920.0,3.5879999999999996,923.588,95.85,0.0,0.0,0.0,0.0,0.0
849,107,10,92.0,920.0,3.5879999999999996,923.588,97.92,0.0,0.0,0.0,0.0,0.0
850,107,10,92.0,920.0,3.5879999999999996,923.588,99.0,0.0,0.0,0.0,0.0,0.0
851,107,10,92.0,920.0,3.5879999999999996,923.588,99.9,0.0,0.0,0.0,0.0,0.0
852,107,10,92.0,920.0,3.5879999999999996,923.588,100.17,0.0,0.0,0.0,0.0,0.0
853,107,10,92.0,920.0,3.5879999999999996,923.588,100.8,0.0,0.0,0.0,0.0,0.0
854,107,10,92.0,920.0,3.5879999999999996,923.588,101.7,0.0,0.0,0.0,0.0,0.0
855,107,10,92.0,920.0,3.5879999999999996,923.588,102.6,0.0,0.0,0.0,0.0,0.0
856,107,10,92.0,920.0,3.5879999999999996,923.588,103.95,0.0,0.0,0.0,0.0,0.0
857,107,10,92.0,920.0,3.5879999999999996,923.588,105.3,0.0,0.0,0.0,0.0,0.0
858,107,10,92.0,920.0,3.5879999999999996,923.588,106.65,0.0,0.0,0.0,0.0,0.0
859,107,10,92.0,920.0,3.5879999999999996,923.588,107.1,0.0,0.0,0.0,0.0,0.0
860,107,10,92.0,920.0,3.5879999999999996,923.588,108.0,0.0,0.0,0.0,0.0,0.0
861,107,10,92.0,920.0,3.5879999999999996,923.588,108.0,108.0,1080.0,4.212,1075.788,152.20000000000005
862,108,10,113.45,1134.5,4.42455,1138.92455,0.0,0.0,0.0,0.0,0.0,0.0
863,108,10,113.45,1134.5,4.42455,1138.92455,102.105,0.0,0.0,0.0,0.0,0.0
864,108,10,113.45,1134.5,4.42455,1138.92455,102.15,0.0,0.0,0.0,0.0,0.0
865,108,10,113.45,1134.5,4.42455,1138.92455,107.01,0.0,0.0,0.0,0.0,0.0
866,108,10,113.45,1134.5,4.42455,1138.92455,107.01,107.01,1070.1000000000001,4.17339,1065.9266100000002,-72.99793999999974
867,109,10,108.0,1080.0,4.212,1084.212,0.0,0.0,0.0,0.0,0.0,0.0
868,109,10,108.0,1080.0,4.212,1084.212,97.2,0.0,0.0,0.0,0.0,0.0
869,109,10,108.0,1080.0,4.212,1084.212,100.935,0.0,0.0,0.0,0.0,0.0
870,109,10,108.0,1080.0,4.212,1084.212,100.935,100.935,1009.35,3.936465,1005.413535,-78.79846499999996
871,110,10,102.0,1020.0,3.9779999999999998,1023.978,0.0,0.0,0.0,0.0,0.0,0.0
872,110,10,102.0,1020.0,3.9779999999999998,1023.978,91.8,0.0,0.0,0.0,0.0,0.0
873,110,10,102.0,1020.0,3.9779999999999998,1023.978,92.7,0.0,0.0,0.0,0.0,0.0
874,110,10,102.0,1020.0,3.9779999999999998,1023.978,92.7,92.7,927.0,3.6153,923.3847,-100.5933
875,111,10,104.8,1048.0,4.0872,1052.0872,0.0,0.0,0.0,0.0,0.0,0.0
876,111,10,104.8,1048.0,4.0872,1052.0872,94.32,0.0,0.0,0.0,0.0,0.0
877,111,10,104.8,1048.0,4.0872,1052.0872,94.5,0.0,0.0,0.0,0.0,0.0
878,111,10,104.8,1048.0,4.0872,1052.0872,94.77,0.0,0.0,0.0,0.0,0.0
879,111,10,104.8,1048.0,4.0872,1052.0872,95.03999999999999,0.0,0.0,0.0,0.0,0.0
880,111,10,104.8,1048.0,4.0872,1052.0872,96.21000000000001,0.0,0.0,0.0,0.0,0.0
881,111,10,104.8,1048.0,4.0872,1052.0872,97.02,0.0,0.0,0.0,0.0,0.0
882,111,10,104.8,1048.0,4.0872,1052.0872,97.02,97.02,970.1999999999999,3.7837799999999997,966.41622,-85.67097999999999
883,112,10,99.5,995.0,3.8804999999999996,998.8805,0.0,0.0,0.0,0.0,0.0,0.0
884,112,10,99.5,995.0,3.8804999999999996,998.8805,89.55,0.0,0.0,0.0,0.0,0.0
885,112,10,99.5,995.0,3.8804999999999996,998.8805,89.82,0.0,0.0,0.0,0.0,0.0
886,112,10,99.5,995.0,3.8804999999999996,998.8805,92.25,0.0,0.0,0.0,0.0,0.0
887,112,10,99.5,995.0,3.8804999999999996,998.8805,94.05,0.0,0.0,0.0,0.0,0.0
888,112,10,99.5,995.0,3.8804999999999996,998.8805,96.3,0.0,0.0,0.0,0.0,0.0
889,112,10,99.5,995.0,3.8804999999999996,998.8805,96.75,0.0,0.0,0.0,0.0,0.0
890,112,10,99.5,995.0,3.8804999999999996,998.8805,98.055,0.0,0.0,0.0,0.0,0.0
891,112,10,99.5,995.0,3.8804999999999996,998.8805,99.45,0.0,0.0,0.0,0.0,0.0
892,112,10,99.5,995.0,3.8804999999999996,998.8805,99.9,0.0,0.0,0.0,0.0,0.0
893,112,10,99.5,995.0,3.8804999999999996,998.8805,101.25,0.0,0.0,0.0,0.0,0.0
894,112,10,99.5,995.0,3.8804999999999996,998.8805,103.86,0.0,0.0,0.0,0.0,0.0
895,112,10,99.5,995.0,3.8804999999999996,998.8805,103.86,103.86,1038.6,4.05054,1034.54946,35.66895999999997
896,113,10,110.9,1109.0,4.3251,1113.3251,0.0,0.0,0.0,0.0,0.0,0.0
897,113,10,110.9,1109.0,4.3251,1113.3251,99.81,0.0,0.0,0.0,0.0,0.0
898,113,10,110.9,1109.0,4.3251,1113.3251,99.9,0.0,0.0,0.0,0.0,0.0
899,113,10,110.9,1109.0,4.3251,1113.3251,100.53,0.0,0.0,0.0,0.0,0.0
900,113,10,110.9,1109.0,4.3251,1113.3251,100.8,0.0,0.0,0.0,0.0,0.0
901,113,10,110.9,1109.0,4.3251,1113.3251,106.2,0.0,0.0,0.0,0.0,0.0
902,113,10,110.9,1109.0,4.3251,1113.3251,106.92,0.0,0.0,0.0,0.0,0.0
903,113,10,110.9,1109.0,4.3251,1113.3251,110.7,0.0,0.0,0.0,0.0,0.0
904,113,10,110.9,1109.0,4.3251,1113.3251,111.6,0.0,0.0,0.0,0.0,0.0
905,113,10,110.9,1109.0,4.3251,1113.3251,114.57,0.0,0.0,0.0,0.0,0.0
906,113,10,110.9,1109.0,4.3251,1113.3251,115.92000000000002,0.0,0.0,0.0,0.0,0.0
907,113,10,110.9,1109.0,4.3251,1113.3251,116.55,0.0,0.0,0.0,0.0,0.0
908,113,10,110.9,1109.0,4.3251,1113.3251,119.25,0.0,0.0,0.0,0.0,0.0
909,113,10,110.9,1109.0,4.3251,1113.3251,120.15,0.0,0.0,0.0,0.0,0.0
910,113,10,110.9,1109.0,4.3251,1113.3251,120.6,0.0,0.0,0.0,0.0,0.0
911,113,10,110.9,1109.0,4.3251,1113.3251,125.82000000000001,0.0,0.0,0.0,0.0,0.0
912,113,10,110.9,1109.0,4.3251,1113.3251,127.26,0.0,0.0,0.0,0.0,0.0
913,113,10,110.9,1109.0,4.3251,1113.3251,128.25,0.0,0.0,0.0,0.0,0.0
914,113,10,110.9,1109.0,4.3251,1113.3251,130.77,0.0,0.0,0.0,0.0,0.0
915,113,10,110.9,1109.0,4.3251,1113.3251,133.69500000000002,0.0,0.0,0.0,0.0,0.0
916,113,10,110.9,1109.0,4.3251,1113.3251,134.1,0.0,0.0,0.0,0.0,0.0
917,113,10,110.9,1109.0,4.3251,1113.3251,141.21,0.0,0.0,0.0,0.0,0.0
918,113,10,110.9,1109.0,4.3251,1113.3251,141.255,0.0,0.0,0.0,0.0,0.0
919,113,10,110.9,1109.0,4.3251,1113.3251,142.515,0.0,0.0,0.0,0.0,0.0
920,113,10,110.9,1109.0,4.3251,1113.3251,142.65,0.0,0.0,0.0,0.0,0.0
921,113,10,110.9,1109.0,4.3251,1113.3251,144.0,0.0,0.0,0.0,0.0,0.0
922,113,10,110.9,1109.0,4.3251,1113.3251,144.9,0.0,0.0,0.0,0.0,0.0
923,113,10,110.9,1109.0,4.3251,1113.3251,148.5,0.0,0.0,0.0,0.0,0.0
924,113,10,110.9,1109.0,4.3251,1113.3251,151.065,0.0,0.0,0.0,0.0,0.0
925,113,10,110.9,1109.0,4.3251,1113.3251,155.115,0.0,0.0,0.0,0.0,0.0
926,113,10,110.9,1109.0,4.3251,1113.3251,155.16,0.0,0.0,0.0,0.0,0.0
927,113,10,110.9,1109.0,4.3251,1113.3251,155.16,155.16,1551.6,6.051239999999999,1545.54876,432.2236599999999
928,114,10,160.6,1606.0,6.2634,1612.2634,0.0,0.0,0.0,0.0,0.0,0.0
929,114,10,160.6,1606.0,6.2634,1612.2634,144.54,0.0,0.0,0.0,0.0,0.0
930,114,10,160.6,1606.0,6.2634,1612.2634,151.74,0.0,0.0,0.0,0.0,0.0
931,114,10,160.6,1606.0,6.2634,1612.2634,151.74,151.74,1517.4,5.91786,1511.48214,-100.78125999999997
932,115,10,172.4,1724.0,6.723599999999999,1730.7236,0.0,0.0,0.0,0.0,0.0,0.0
933,115,10,172.4,1724.0,6.723599999999999,1730.7236,155.16,0.0,0.0,0.0,0.0,0.0
934,115,10,172.4,1724.0,6.723599999999999,1730.7236,155.7,0.0,0.0,0.0,0.0,0.0
935,115,10,172.4,1724.0,6.723599999999999,1730.7236,157.32000000000002,0.0,0.0,0.0,0.0,0.0
936,115,10,172.4,1724.0,6.723599999999999,1730.7236,157.32000000000002,157.32000000000002,1573.2000000000003,6.135480000000001,1567.0645200000004,-163.65907999999968
937,116,10,162.85,1628.5,6.35115,1634.85115,0.0,0.0,0.0,0.0,0.0,0.0
938,116,10,162.85,1628.5,6.35115,1634.85115,146.565,0.0,0.0,0.0,0.0,0.0
939,116,10,162.85,1628.5,6.35115,1634.85115,146.7,0.0,0.0,0.0,0.0,0.0
940,116,10,162.85,1628.5,6.35115,1634.85115,147.15,0.0,0.0,0.0,0.0,0.0
941,116,10,162.85,1628.5,6.35115,1634.85115,148.54500000000002,0.0,0.0,0.0,0.0,0.0
942,116,10,162.85,1628.5,6.35115,1634.85115,151.47,0.0,0.0,0.0,0.0,0.0
943,116,10,162.85,1628.5,6.35115,1634.85115,151.785,0.0,0.0,0.0,0.0,0.0
944,116,10,162.85,1628.5,6.35115,1634.85115,151.92000000000002,0.0,0.0,0.0,0.0,0.0
945,116,10,162.85,1628.5,6.35115,1634.85115,155.97,0.0,0.0,0.0,0.0,0.0
946,116,10,162.85,1628.5,6.35115,1634.85115,161.1,0.0,0.0,0.0,0.0,0.0
947,116,10,162.85,1628.5,6.35115,1634.85115,164.655,0.0,0.0,0.0,0.0,0.0
948,116,10,162.85,1628.5,6.35115,1634.85115,165.96,0.0,0.0,0.0,0.0,0.0
949,116,10,162.85,1628.5,6.35115,1634.85115,165.96,165.96,1659.6000000000001,6.472440000000001,1653.1275600000001,18.27641000000017
950,117,10,181.3,1813.0,7.0706999999999995,1820.0707,0.0,0.0,0.0,0.0,0.0,0.0
951,117,10,181.3,1813.0,7.0706999999999995,1820.0707,163.17000000000002,0.0,0.0,0.0,0.0,0.0
952,117,10,181.3,1813.0,7.0706999999999995,1820.0707,163.17000000000002,163.17000000000002,1631.7000000000003,6.363630000000001,1625.3363700000002,-194.73432999999977
953,118,10,164.35,1643.5,6.40965,1649.90965,0.0,0.0,0.0,0.0,0.0,0.0
954,118,10,164.35,1643.5,6.40965,1649.90965,147.915,0.0,0.0,0.0,0.0,0.0
955,118,10,164.35,1643.5,6.40965,1649.90965,153.0,0.0,0.0,0.0,0.0,0.0
956,118,10,164.35,1643.5,6.40965,1649.90965,154.8,0.0,0.0,0.0,0.0,0.0
957,118,10,164.35,1643.5,6.40965,1649.90965,157.59,0.0,0.0,0.0,0.0,0.0
958,118,10,164.35,1643.5,6.40965,1649.90965,157.905,0.0,0.0,0.0,0.0,0.0
959,118,10,164.35,1643.5,6.40965,1649.90965,157.95,0.0,0.0,0.0,0.0,0.0
960,118,10,164.35,1643.5,6.40965,1649.90965,158.355,0.0,0.0,0.0,0.0,0.0
961,118,10,164.35,1643.5,6.40965,1649.90965,162.0,0.0,0.0,0.0,0.0,0.0
962,118,10,164.35,1643.5,6.40965,1649.90965,164.97,0.0,0.0,0.0,0.0,0.0
963,118,10,164.35,1643.5,6.40965,1649.90965,165.15,0.0,0.0,0.0,0.0,0.0
964,118,10,164.35,1643.5,6.40965,1649.90965,167.57999999999998,0.0,0.0,0.0,0.0,0.0
965,118,10,164.35,1643.5,6.40965,1649.90965,172.8,0.0,0.0,0.0,0.0,0.0
966,118,10,164.35,1643.5,6.40965,1649.90965,180.0,0.0,0.0,0.0,0.0,0.0
967,118,10,164.35,1643.5,6.40965,1649.90965,180.855,0.0,0.0,0.0,0.0,0.0
968,118,10,164.35,1643.5,6.40965,1649.90965,180.855,180.855,1808.55,7.053344999999999,1801.496655,151.58700499999986
969,119,10,184.0,1840.0,7.175999999999999,1847.176,0.0,0.0,0.0,0.0,0.0,0.0
970,119,10,184.0,1840.0,7.175999999999999,1847.176,165.6,0.0,0.0,0.0,0.0,0.0
971,119,10,184.0,1840.0,7.175999999999999,1847.176,167.4,0.0,0.0,0.0,0.0,0.0
972,119,10,184.0,1840.0,7.175999999999999,1847.176,170.95499999999998,0.0,0.0,0.0,0.0,0.0
973,119,10,184.0,1840.0,7.175999999999999,1847.176,172.53,0.0,0.0,0.0,0.0,0.0
974,119,10,184.0,1840.0,7.175999999999999,1847.176,174.42000000000002,0.0,0.0,0.0,0.0,0.0
975,119,10,184.0,1840.0,7.175999999999999,1847.176,174.42000000000002,174.42000000000002,1744.2000000000003,6.80238,1737.3976200000002,-109.77837999999974
976,120,10,190.1,1901.0,7.4139,1908.4139,0.0,0.0,0.0,0.0,0.0,0.0
977,120,10,190.1,1901.0,7.4139,1908.4139,171.09,0.0,0.0,0.0,0.0,0.0
978,120,10,190.1,1901.0,7.4139,1908.4139,173.52,0.0,0.0,0.0,0.0,0.0
979,120,10,190.1,1901.0,7.4139,1908.4139,175.5,0.0,0.0,0.0,0.0,0.0
980,120,10,190.1,1901.0,7.4139,1908.4139,179.37,0.0,0.0,0.0,0.0,0.0
981,120,10,190.1,1901.0,7.4139,1908.4139,184.005,0.0,0.0,0.0,0.0,0.0
982,120,10,190.1,1901.0,7.4139,1908.4139,184.95,0.0,0.0,0.0,0.0,0.0
983,120,10,190.1,1901.0,7.4139,1908.4139,186.3,0.0,0.0,0.0,0.0,0.0
984,120,10,190.1,1901.0,7.4139,1908.4139,189.81,0.0,0.0,0.0,0.0,0.0
985,120,10,190.1,1901.0,7.4139,1908.4139,189.9,0.0,0.0,0.0,0.0,0.0
986,120,10,190.1,1901.0,7.4139,1908.4139,191.25,0.0,0.0,0.0,0.0,0.0
987,120,10,190.1,1901.0,7.4139,1908.4139,191.7,0.0,0.0,0.0,0.0,0.0
988,120,10,190.1,1901.0,7.4139,1908.4139,191.7,191.7,1917.0,7.476299999999999,1909.5237,1.1097999999999502
989,121,10,188.0,1880.0,7.332,1887.332,0.0,0.0,0.0,0.0,0.0,0.0
990,121,10,188.0,1880.0,7.332,1887.332,169.2,0.0,0.0,0.0,0.0,0.0
991,121,10,188.0,1880.0,7.332,1887.332,172.8,0.0,0.0,0.0,0.0,0.0
992,121,10,188.0,1880.0,7.332,1887.332,173.7,0.0,0.0,0.0,0.0,0.0
993,121,10,188.0,1880.0,7.332,1887.332,180.45,0.0,0.0,0.0,0.0,0.0
994,121,10,188.0,1880.0,7.332,1887.332,180.45,180.45,1804.5,7.0375499999999995,1797.46245,-89.86955000000012
995,122,10,188.95,1889.5,7.36905,1896.86905,0.0,0.0,0.0,0.0,0.0,0.0
996,122,10,188.95,1889.5,7.36905,1896.86905,170.05499999999998,0.0,0.0,0.0,0.0,0.0
997,122,10,188.95,1889.5,7.36905,1896.86905,171.99,0.0,0.0,0.0,0.0,0.0
998,122,10,188.95,1889.5,7.36905,1896.86905,172.17000000000002,0.0,0.0,0.0,0.0,0.0
999,122,10,188.95,1889.5,7.36905,1896.86905,172.35,0.0,0.0,0.0,0.0,0.0
1000,122,10,188.95,1889.5,7.36905,1896.86905,172.8,0.0,0.0,0.0,0.0,0.0
1001,122,10,188.95,1889.5,7.36905,1896.86905,173.7,0.0,0.0,0.0,0.0,0.0
1002,122,10,188.95,1889.5,7.36905,1896.86905,174.6,0.0,0.0,0.0,0.0,0.0
1003,122,10,188.95,1889.5,7.36905,1896.86905,175.365,0.0,0.0,0.0,0.0,0.0
1004,122,10,188.95,1889.5,7.36905,1896.86905,175.95,0.0,0.0,0.0,0.0,0.0
1005,122,10,188.95,1889.5,7.36905,1896.86905,176.04,0.0,0.0,0.0,0.0,0.0
1006,122,10,188.95,1889.5,7.36905,1896.86905,176.80499999999998,0.0,0.0,0.0,0.0,0.0
1007,122,10,188.95,1889.5,7.36905,1896.86905,178.605,0.0,0.0,0.0,0.0,0.0
1008,122,10,188.95,1889.5,7.36905,1896.86905,178.605,178.605,1786.05,6.9655949999999995,1779.084405,-117.78464499999995
1009,123,10,167.0,1670.0,6.513,1676.513,0.0,0.0,0.0,0.0,0.0,0.0
1010,123,10,167.0,1670.0,6.513,1676.513,150.3,0.0,0.0,0.0,0.0,0.0
1011,123,10,167.0,1670.0,6.513,1676.513,150.3,150.3,1503.0,5.8617,1497.1383,-179.37469999999985
1012,124,10,139.8,1398.0,5.4521999999999995,1403.4522,0.0,0.0,0.0,0.0,0.0,0.0
1013,124,10,139.8,1398.0,5.4521999999999995,1403.4522,125.82000000000001,0.0,0.0,0.0,0.0,0.0
1014,124,10,139.8,1398.0,5.4521999999999995,1403.4522,125.82000000000001,125.82000000000001,1258.2,4.90698,1253.29302,-150.15917999999988
1015,125,10,130.0,1300.0,5.069999999999999,1305.07,0.0,0.0,0.0,0.0,0.0,0.0
1016,125,10,130.0,1300.0,5.069999999999999,1305.07,117.0,0.0,0.0,0.0,0.0,0.0
1017,125,10,130.0,1300.0,5.069999999999999,1305.07,117.17999999999999,0.0,0.0,0.0,0.0,0.0
1018,125,10,130.0,1300.0,5.069999999999999,1305.07,117.72000000000001,0.0,0.0,0.0,0.0,0.0
1019,125,10,130.0,1300.0,5.069999999999999,1305.07,118.26,0.0,0.0,0.0,0.0,0.0
1020,125,10,130.0,1300.0,5.069999999999999,1305.07,120.77999999999999,0.0,0.0,0.0,0.0,0.0
1021,125,10,130.0,1300.0,5.069999999999999,1305.07,125.46000000000001,0.0,0.0,0.0,0.0,0.0
1022,125,10,130.0,1300.0,5.069999999999999,1305.07,130.32000000000002,0.0,0.0,0.0,0.0,0.0
1023,125,10,130.0,1300.0,5.069999999999999,1305.07,130.32000000000002,130.32000000000002,1303.2000000000003,5.082480000000001,1298.1175200000002,-6.952479999999696
1024,126,10,111.6,1116.0,4.352399999999999,1120.3524,0.0,0.0,0.0,0.0,0.0,0.0
1025,126,10,111.6,1116.0,4.352399999999999,1120.3524,100.44,0.0,0.0,0.0,0.0,0.0
1026,126,10,111.6,1116.0,4.352399999999999,1120.3524,104.03999999999999,0.0,0.0,0.0,0.0,0.0
1027,126,10,111.6,1116.0,4.352399999999999,1120.3524,104.76,0.0,0.0,0.0,0.0,0.0
1028,126,10,111.6,1116.0,4.352399999999999,1120.3524,104.94,0.0,0.0,0.0,0.0,0.0
1029,126,10,111.6,1116.0,4.352399999999999,1120.3524,108.0,0.0,0.0,0.0,0.0,0.0
1030,126,10,111.6,1116.0,4.352399999999999,1120.3524,112.5,0.0,0.0,0.0,0.0,0.0
1031,126,10,111.6,1116.0,4.352399999999999,1120.3524,114.83999999999999,0.0,0.0,0.0,0.0,0.0
1032,126,10,111.6,1116.0,4.352399999999999,1120.3524,115.02,0.0,0.0,0.0,0.0,0.0
1033,126,10,111.6,1116.0,4.352399999999999,1120.3524,115.02,115.02,1150.2,4.48578,1145.71422,25.36182000000008
1034,127,10,110.8,1108.0,4.3212,1112.3212,0.0,0.0,0.0,0.0,0.0,0.0
1035,127,10,110.8,1108.0,4.3212,1112.3212,99.72,0.0,0.0,0.0,0.0,0.0
1036,127,10,110.8,1108.0,4.3212,1112.3212,100.8,0.0,0.0,0.0,0.0,0.0
1037,127,10,110.8,1108.0,4.3212,1112.3212,100.8,100.8,1008.0,3.9312,1004.0688,-108.25240000000008
1038,128,10,110.2,1102.0,4.2978,1106.2978,0.0,0.0,0.0,0.0,0.0,0.0
1039,128,10,110.2,1102.0,4.2978,1106.2978,99.18,0.0,0.0,0.0,0.0,0.0
1040,128,10,110.2,1102.0,4.2978,1106.2978,103.5,0.0,0.0,0.0,0.0,0.0
1041,128,10,110.2,1102.0,4.2978,1106.2978,105.3,0.0,0.0,0.0,0.0,0.0
1042,128,10,110.2,1102.0,4.2978,1106.2978,105.66,0.0,0.0,0.0,0.0,0.0
1043,128,10,110.2,1102.0,4.2978,1106.2978,107.28,0.0,0.0,0.0,0.0,0.0
1044,128,10,110.2,1102.0,4.2978,1106.2978,111.42,0.0,0.0,0.0,0.0,0.0
1045,128,10,110.2,1102.0,4.2978,1106.2978,111.6,0.0,0.0,0.0,0.0,0.0
1046,128,10,110.2,1102.0,4.2978,1106.2978,112.13999999999999,0.0,0.0,0.0,0.0,0.0
1047,128,10,110.2,1102.0,4.2978,1106.2978,112.32,0.0,0.0,0.0,0.0,0.0
1048,128,10,110.2,1102.0,4.2978,1106.2978,115.02,0.0,0.0,0.0,0.0,0.0
1049,128,10,110.2,1102.0,4.2978,1106.2978,117.0,0.0,0.0,0.0,0.0,0.0
1050,128,10,110.2,1102.0,4.2978,1106.2978,117.9,0.0,0.0,0.0,0.0,0.0
1051,128,10,110.2,1102.0,4.2978,1106.2978,120.42000000000002,0.0,0.0,0.0,0.0,0.0
1052,128,10,110.2,1102.0,4.2978,1106.2978,125.1,0.0,0.0,0.0,0.0,0.0
1053,128,10,110.2,1102.0,4.2978,1106.2978,128.34,0.0,0.0,0.0,0.0,0.0
1054,128,10,110.2,1102.0,4.2978,1106.2978,129.78,0.0,0.0,0.0,0.0,0.0
1055,128,10,110.2,1102.0,4.2978,1106.2978,132.84,0.0,0.0,0.0,0.0,0.0
1056,128,10,110.2,1102.0,4.2978,1106.2978,132.84,132.84,1328.4,5.18076,1323.2192400000001,216.92144000000008
1057,129,10,121.4,1214.0,4.7345999999999995,1218.7346,0.0,0.0,0.0,0.0,0.0,0.0
1058,129,10,121.4,1214.0,4.7345999999999995,1218.7346,109.26,0.0,0.0,0.0,0.0,0.0
1059,129,10,121.4,1214.0,4.7345999999999995,1218.7346,111.6,0.0,0.0,0.0,0.0,0.0
